StandingsId,qualifying_position,constructor_position,position_delta
1,1,1,0
2,2,3,1
3,3,2,1
4,4,4,0
5,5,5,0
6,6,6,0
7,7,1,6
8,8,2,6
9,9,4,5
10,10,5,5
11,11,8,3
12,12,3,9
13,13,6,7
14,14,7,7
15,15,9,6
16,16,10,6
17,17,11,6
18,18,3,15
19,19,1,18
20,20,4,16
21,21,6,15
22,22,8,14
23,1,2,1
24,2,5,3
25,3,7,4
26,4,9,5
27,5,10,5
28,6,11,5
29,7,3,4
30,8,2,6
31,9,4,5
32,10,7,3
33,11,9,2
34,12,1,11
35,13,5,8
36,14,6,8
37,15,8,7
38,16,10,6
39,17,11,6
40,18,3,15
41,19,2,17
42,20,4,16
43,21,7,14
44,22,9,13
45,1,1,0
46,2,6,4
47,3,5,2
48,4,8,4
49,5,10,5
50,6,11,5
51,7,2,5
52,8,3,5
53,9,4,5
54,10,7,3
55,11,8,3
56,12,1,11
57,13,6,7
58,14,5,9
59,15,9,6
60,16,10,6
61,17,11,6
62,18,3,15
63,19,2,17
64,20,6,14
65,21,7,14
66,22,9,13
67,1,1,0
68,2,5,3
69,3,4,1
70,4,8,4
71,5,10,5
72,6,11,5
73,7,3,4
74,8,2,6
75,9,6,3
76,10,7,3
77,11,9,2
78,12,1,11
79,13,5,8
80,14,4,10
81,15,8,7
82,16,10,6
83,17,11,6
84,18,3,15
85,19,2,17
86,20,6,14
87,21,7,14
88,22,9,13
89,1,1,0
90,2,4,2
91,3,5,2
92,4,8,4
93,5,10,5
94,6,11,5
95,7,3,4
96,8,2,6
97,9,7,2
98,10,6,4
99,11,9,2
100,12,1,11
101,13,4,9
102,14,5,9
103,15,8,7
104,16,10,6
105,17,11,6
106,18,2,16
107,19,3,16
108,20,7,13
109,1,5,4
110,2,9,7
111,3,1,2
112,4,4,0
113,5,6,1
114,6,8,2
115,7,10,3
116,8,11,3
117,9,2,7
118,10,3,7
119,11,7,4
120,12,5,7
121,13,9,4
122,14,1,13
123,15,4,11
124,16,6,10
125,17,8,9
126,18,10,8
127,19,11,8
128,20,2,18
129,1,3,2
130,2,7,5
131,3,5,2
132,4,8,4
133,5,1,4
134,6,4,2
135,7,6,1
136,8,9,1
137,9,10,1
138,10,11,1
139,11,2,9
140,12,3,9
141,13,8,5
142,14,5,9
143,15,6,9
144,16,1,15
145,17,4,13
146,18,7,11
147,19,9,10
148,20,10,10
149,1,11,10
150,2,1,1
151,3,3,0
152,4,8,4
153,5,4,1
154,6,6,0
155,7,2,5
156,8,5,3
157,9,7,2
158,10,9,1
159,11,10,1
160,12,11,1
161,13,2,11
162,14,3,11
163,15,8,7
164,16,4,12
165,17,6,11
166,18,1,17
167,19,5,14
168,20,7,13
169,1,9,8
170,2,10,8
171,3,11,8
183,15,2,13
184,16,3,13
185,17,8,9
186,18,4,14
187,19,6,13
188,20,1,19
189,1,5,4
190,2,7,5
191,3,9,6
192,4,10,6
193,5,11,6
1454,16,1,15
1455,17,2,15
1456,18,3,15
1457,19,4,15
1458,20,5,15
1459,21,6,15
1460,22,1,21
1461,1,4,3
1462,2,5,3
1463,3,2,1
1464,4,7,3
1465,5,8,3
1466,6,3,3
1467,7,6,1
1468,8,1,7
1469,9,5,4
1470,10,6,4
1471,11,3,8
1472,12,10,2
1473,13,11,2
1474,14,4,10
1475,15,8,7
1476,16,2,14
1477,17,7,10
1478,18,9,9
1479,19,1,18
1480,20,3,17
1481,1,6,5
1482,2,4,2
1483,3,10,7
1484,4,11,7
1485,5,5,0
1486,6,8,2
1487,7,2,5
1488,8,7,1
1489,9,9,0
1490,10,1,9
1491,11,3,8
1492,12,6,6
1493,13,5,8
1494,14,10,4
1495,15,11,4
1496,16,4,12
1497,17,8,9
1498,18,2,16
1499,19,7,12
1500,20,9,11
1501,21,1,20
1502,22,3,19
1503,1,6,5
1504,2,4,2
1505,3,10,7
1506,4,11,7
1507,5,5,0
1508,6,8,2
1509,7,2,5
1510,8,7,1
1511,9,9,0
1512,10,1,9
1513,11,3,8
1514,12,6,6
1515,13,4,9
1516,14,10,4
1517,15,11,4
1518,16,5,11
1519,17,9,8
1520,18,2,16
1521,19,8,11
1522,20,7,13
1523,21,1,20
1524,22,4,18
1525,1,6,5
1526,2,3,1
1527,3,10,7
1528,4,11,7
1529,5,5,0
1530,6,9,3
1531,7,2,5
1532,8,8,0
1533,9,7,2
1534,10,1,9
1535,11,4,7
1536,12,6,6
1537,13,3,10
1538,14,10,4
1539,15,11,4
1540,16,5,11
1541,17,9,8
1542,18,2,16
1543,19,8,11
1544,20,7,13
1545,21,2,19
1546,22,3,19
1547,1,5,4
1548,2,4,2
1549,3,10,7
1550,4,11,7
1551,5,6,1
1552,6,9,3
1553,7,1,6
1554,8,7,1
1555,9,8,1
1556,10,2,8
1557,11,3,8
1558,12,5,7
1559,13,4,9
1560,14,10,4
1561,15,11,4
1562,16,6,10
1563,17,8,9
1564,18,1,17
1565,19,7,12
1566,20,9,11
1567,21,2,19
1568,22,3,19
1569,1,6,5
1570,2,4,2
1571,3,10,7
1572,4,11,7
1573,5,5,0
1574,6,8,2
1575,7,1,6
1576,8,7,1
1577,9,9,0
1578,10,2,8
1579,11,3,8
1580,12,6,6
1581,13,4,9
1582,14,10,4
1583,15,11,4
1584,16,5,11
1585,17,8,9
1586,18,1,17
1587,19,7,12
1588,20,9,11
1589,21,2,19
1590,22,3,19
1591,1,6,5
1592,2,4,2
1593,3,10,7
1594,4,11,7
1595,5,5,0
1596,6,7,1
1597,7,1,6
1598,8,8,0
1599,9,9,0
1600,10,1,9
1601,11,3,8
1602,12,6,6
1603,13,4,9
1604,14,10,4
1605,15,11,4
1606,16,5,11
1607,17,7,10
1608,18,2,16
1609,19,8,11
1610,20,9,11
1611,21,1,20
1612,22,3,19
1613,1,5,4
1614,2,4,2
1615,3,10,7
1616,4,11,7
1617,5,6,1
1618,6,7,1
1619,7,2,5
1620,8,8,0
1621,9,9,0
1622,10,1,9
1623,11,3,8
1624,12,5,7
1625,13,4,9
1626,14,10,4
1627,15,11,4
1628,16,6,10
1629,17,7,10
1630,18,2,16
1631,19,8,11
1632,20,9,11
1633,21,2,19
1634,1,3,2
1635,2,8,6
1636,3,4,1
1637,4,6,2
1638,5,1,4
1639,6,5,1
1640,7,7,0
1641,8,9,1
1642,9,10,1
1643,10,11,1
2055,7,1,6
2056,8,2,6
2057,9,3,6
2058,10,4,6
2059,11,5,6
2060,12,6,6
2061,13,7,6
2062,14,1,13
2063,15,2,13
2064,16,3,13
2065,17,5,12
2066,18,4,14
2067,19,6,13
2068,20,7,13
2069,21,8,13
2070,22,1,21
2071,1,3,2
2072,2,2,0
2073,3,5,2
2074,4,4,0
2075,5,6,1
2076,6,7,1
2077,7,8,1
2078,8,9,1
2079,9,10,1
2080,10,1,9
2081,11,3,8
2082,12,2,10
2083,13,5,8
2084,14,4,10
2085,15,6,9
2086,16,8,8
2087,17,10,7
2088,18,11,7
2089,19,7,12
2090,20,9,11
2091,21,1,20
2092,22,3,19
2093,1,2,1
2094,2,5,3
2095,3,4,1
2096,4,7,3
2097,5,9,4
2098,6,6,0
2099,7,11,4
2100,8,8,0
2101,9,10,1
2102,10,1,9
2103,11,4,7
2104,12,2,10
2105,13,6,7
2106,14,3,11
2107,15,8,7
2108,16,10,6
2109,17,7,10
2110,18,11,7
2111,19,9,10
2112,20,5,15
2113,1,1,0
2114,2,4,2
2115,3,2,1
2116,4,7,3
2117,5,3,2
2118,6,8,2
2119,7,11,4
2120,8,5,3
2121,9,10,1
2122,10,9,1
2123,11,6,5
2125,13,4,9
2126,14,2,12
2127,15,7,8
2128,16,3,13
2129,17,8,9
2130,18,11,7
2131,19,5,14
2132,20,10,10
2133,21,9,12
2134,1,6,5
2135,2,1,1
2136,3,4,1
2137,4,2,2
2138,5,7,2
2139,6,3,3
2140,7,8,1
2141,8,11,3
2142,9,5,4
2143,10,10,0
2144,11,9,2
2145,12,6,6
2146,13,1,12
2147,14,4,10
2148,15,2,13
2149,16,7,9
2150,17,3,14
2151,18,8,10
2152,19,11,8
2153,20,5,15
2154,21,10,11
2155,22,9,13
2156,1,6,5
2157,2,1,1
2158,3,4,1
2159,4,2,2
2160,5,8,3
2161,6,3,3
2162,7,5,2
2163,8,11,3
2164,9,6,3
2165,10,10,0
2166,11,9,2
2167,12,7,5
2168,13,1,12
2169,14,4,10
2170,15,2,13
2171,16,8,8
2172,17,3,14
2173,18,5,13
2174,19,11,8
2175,20,6,14
2176,1,10,9
2177,2,9,7
2178,3,7,4
2179,4,1,3
2180,5,3,2
2181,6,2,4
2182,7,6,1
2183,8,4,4
2184,9,5,4
2185,10,9,1
2186,11,8,3
2187,12,11,1
2188,13,10,3
2189,14,7,7
2190,15,1,14
2191,16,3,13
2192,17,2,15
2193,18,6,12
2194,19,4,15
2195,20,5,15
2196,21,9,12
2197,22,8,14
2198,23,11,12
2199,24,10,14
2200,25,7,18
2201,26,1,25
2202,1,3,2
2203,2,2,0
2204,3,6,3
2205,4,4,0
2206,5,5,0
2207,6,9,3
2208,7,8,1
2209,8,11,3
2210,9,10,1
2211,10,7,3
2212,11,1,10
2213,12,3,9
2214,13,2,11
2215,14,6,8
2216,15,5,10
2217,16,4,12
2218,17,9,8
2219,18,8,10
2220,19,11,8
2221,20,10,10
2222,21,7,14
2418,17,1,16
2419,18,2,16
2420,19,3,16
2421,20,4,16
2422,21,5,16
2423,22,6,16
2424,23,7,16
2425,24,8,16
2426,1,1,0
2427,2,3,1
2428,3,2,1
2429,4,4,0
2430,5,5,0
2431,6,6,0
2432,7,7,0
2433,8,8,0
2434,9,9,0
2435,10,10,0
2436,11,11,0
2437,12,1,11
2438,13,3,10
2439,14,2,12
2440,15,4,11
2441,16,6,10
2442,17,7,10
2443,18,9,9
2444,19,8,11
2445,20,11,9
2446,21,10,11
2447,22,5,17
2448,23,1,22
2449,24,2,22
2450,1,3,2
2451,2,4,2
2452,3,6,3
2453,4,7,3
2454,5,9,4
2455,6,8,2
2456,7,11,4
2457,8,10,2
2458,9,5,4
2459,10,1,9
2460,11,2,9
2461,12,3,9
2462,13,4,9
2463,14,6,8
2464,15,7,8
2465,16,9,7
2466,17,8,9
2467,18,10,8
2468,19,11,8
2469,20,5,15
2470,21,1,20
2471,22,2,20
2472,23,3,20
2473,24,4,20
2474,1,8,7
2475,2,5,3
2476,3,7,4
2477,4,9,5
2478,5,10,5
2479,6,11,5
2480,7,6,1
2481,8,1,7
2482,9,2,7
2483,10,3,7
2484,11,4,7
2485,12,8,4
2486,13,5,8
2487,14,6,8
2488,15,9,6
2489,16,10,6
2490,17,11,6
2491,18,7,11
2492,19,1,18
2493,20,2,18
2494,21,3,18
2495,22,4,18
2496,23,8,15
2497,24,5,19
2498,1,6,5
2499,2,9,7
2500,3,10,7
2501,4,11,7
2502,5,7,2
2503,6,1,5
2504,7,2,5
2505,8,3,5
2506,9,4,5
2507,10,8,2
2508,11,5,6
2509,12,6,6
2510,13,9,4
2511,14,10,4
2512,15,11,4
2513,16,7,9
2514,17,1,16
2515,18,3,15
2516,19,2,17
2517,20,4,16
2518,21,8,13
2519,22,6,16
2520,23,7,16
2521,24,9,15
2522,1,10,9
2523,2,11,9
2524,3,5,2
2525,4,1,3
2526,5,3,2
2527,6,2,4
2528,7,4,3
2529,8,8,0
2530,9,6,3
2531,10,7,3
2532,11,9,2
2533,12,10,2
2534,13,11,2
2535,14,5,9
2536,15,1,14
2537,16,3,13
2538,17,2,15
2539,18,4,14
2540,19,8,11
2541,20,6,14
2542,21,7,14
2543,22,9,13
2544,23,10,13
2545,24,11,13
2546,1,5,4
2547,2,1,1
2548,3,3,0
2549,4,2,2
2550,5,4,1
2551,6,8,2
2552,7,6,1
2553,8,7,1
2554,9,9,0
2555,10,10,0
2556,11,11,0
2557,12,5,7
2558,13,1,12
2559,14,3,11
2560,15,2,13
2561,16,4,12
2562,17,8,9
2563,18,6,12
2564,19,7,12
2565,20,9,11
2566,21,10,11
2567,22,11,11
2568,23,5,18
2569,24,1,23
2570,1,3,2
2571,2,2,0
2572,3,4,1
2573,4,8,4
2574,5,6,1
2575,6,7,1
2576,7,9,2
2577,8,10,2
2578,9,11,2
2579,10,5,5
2580,11,1,10
2581,12,2,10
2582,13,3,10
2583,14,4,10
2584,15,8,7
2585,16,6,10
2586,17,7,10
2587,18,9,9
2588,19,10,9
2589,20,11,9
2590,21,5,16
3247,2,1,1
3248,3,2,1
3249,4,3,1
3250,5,4,1
3251,6,5,1
3252,7,6,1
3253,8,7,1
3254,9,8,1
3255,10,9,1
3256,11,1,10
3257,12,2,10
3258,13,3,10
3259,14,5,9
3260,15,6,9
3261,16,7,9
3262,17,10,7
3263,18,9,9
3264,19,11,8
3265,20,4,16
3266,1,8,7
3267,2,1,1
3268,3,3,0
3269,4,2,2
3270,5,6,1
3271,6,8,2
3272,7,7,0
3273,8,12,4
3274,9,11,2
3275,10,13,3
3276,11,5,6
3277,12,10,2
3278,13,4,9
3279,14,9,5
3308,3,1,2
3309,4,3,1
3310,5,2,3
3311,6,7,1
3312,7,9,2
3313,8,5,3
3314,9,13,4
3315,10,12,2
3316,11,14,3
3317,12,6,6
3318,13,8,5
3319,14,4,10
3320,15,10,5
3321,16,11,5
3322,17,1,16
3323,18,3,15
3324,19,2,17
3325,20,7,13
3326,1,9,8
3327,2,5,3
3328,3,10,7
3329,4,13,9
3330,5,14,9
3331,6,6,0
3332,7,8,1
3333,8,4,4
3334,9,11,2
3335,10,12,2
3336,11,1,10
3337,12,2,10
3338,13,3,10
3339,14,7,7
3340,15,11,4
3341,16,5,11
3342,17,12,5
3343,18,9,9
3344,19,14,5
3345,20,6,14
3346,21,8,13
3347,22,4,18
3348,23,10,13
3349,24,13,11
3350,1,1,0
3351,2,2,0
3352,3,3,0
3353,4,8,4
3354,5,10,5
3355,6,5,1
3356,7,13,6
3357,8,11,3
3358,9,14,5
3359,10,6,4
3360,11,9,2
3361,12,4,8
3362,13,12,1
3363,14,7,7
3364,15,1,14
3365,16,2,14
3366,17,3,14
3367,18,5,13
3368,19,9,10
3369,20,6,14
3370,21,13,8
3371,22,11,11
3372,23,14,9
3373,24,7,17
3374,1,10,9
3375,2,4,2
3376,3,12,9
3377,4,8,4
3378,5,1,4
3379,6,3,3
3380,7,2,5
3381,8,5,3
3382,9,9,0
3383,10,6,4
3384,11,13,2
3385,12,11,1
3386,13,14,1
3387,14,7,7
3388,15,10,5
3389,16,4,12
3390,17,12,5
3391,18,8,10
3392,19,15,4
3393,20,1,19
3394,21,3,18
3395,22,2,20
3396,23,5,18
3397,24,8,16
3398,1,6,5
3399,2,13,11
3400,3,11,8
3401,4,14,10
3402,5,7,2
3403,6,10,4
3404,7,4,3
3405,8,12,4
3406,9,9,0
3407,10,15,5
3408,11,1,10
3409,12,2,10
3410,13,3,10
3411,14,5,9
3412,15,8,7
3413,16,6,10
3414,17,13,4
3415,18,11,7
3416,19,14,5
3417,20,7,13
3418,21,10,11
3419,22,4,18
3420,23,12,11
3421,24,9,15
3422,1,15,14
3423,2,1,1
3424,3,3,0
3425,4,2,2
3426,5,5,0
3427,6,8,2
3428,7,6,1
3429,8,13,5
3430,9,11,2
3431,10,15,5
3432,11,7,4
3433,12,10,2
3434,13,4,9
3435,14,12,2
3436,15,9,6
3437,16,14,2
3438,17,1,16
3439,18,3,15
3440,19,2,17
3441,20,5,15
3442,21,8,13
3443,22,6,16
3444,23,13,10
3445,24,11,13
3446,1,15,14
3447,2,7,5
3448,3,10,7
3449,4,4,0
3450,5,12,7
3451,6,9,3
3452,7,14,7
3453,8,1,7
3454,9,2,7
3455,10,3,7
3456,11,5,6
3457,12,8,4
3458,13,6,7
3459,14,13,1
3460,15,11,4
3461,16,15,1
3462,17,7,10
3463,18,10,8
3464,19,4,15
3465,20,12,8
3466,21,9,12
3467,22,14,8
3468,23,1,22
3469,24,2,22
3470,1,3,2
3471,2,5,3
3472,3,8,5
3473,4,7,3
3474,5,13,8
3475,6,12,6
3476,7,15,8
3477,8,6,2
3478,9,10,1
3479,10,4,6
3480,11,11,0
3481,12,9,3
3482,13,14,1
3483,14,1,13
3484,15,2,13
3485,16,3,13
3486,17,5,12
3487,18,8,10
3488,19,7,12
3489,20,11,9
3490,21,13,8
3491,22,15,7
3492,23,6,17
3493,24,10,14
3494,1,4,3
3495,2,12,10
3496,3,9,6
3497,4,14,10
4038,18,1,17
4039,19,2,17
4040,20,3,17
4041,1,4,3
4042,2,5,3
4043,3,6,3
4044,4,7,3
4045,5,8,3
4046,6,9,3
4635,3,1,2
4636,4,2,2
4637,5,3,2
4638,6,4,2
4639,7,5,2
4640,8,6,2
4641,9,7,2
4642,10,2,8
4643,11,1,10
4644,12,3,9
4645,13,6,7
4646,14,7,7
4647,15,8,7
4648,16,9,7
4649,17,4,13
4650,18,5,13
4651,19,10,9
4652,20,11,9
4653,21,2,19
4654,22,1,21
4655,23,5,18
4656,1,6,5
4657,2,7,5
4658,3,8,5
4659,4,10,6
4660,5,4,1
4661,6,3,3
4662,7,9,2
4663,8,12,4
4664,9,11,2
4665,10,1,9
4666,11,2,9
4667,12,4,8
4668,13,7,6
4669,14,6,8
4670,15,9,6
4671,16,10,6
4672,17,3,14
4673,18,5,13
4674,19,8,11
4675,20,11,9
4676,21,12,9
4677,22,1,21
4678,23,2,21
4679,24,4,20
4680,1,7,6
4681,2,6,4
4682,3,9,6
4683,4,10,6
4684,5,3,2
4685,6,5,1
4686,7,8,1
4687,8,11,3
4688,9,12,3
4689,10,1,9
4690,11,2,9
4691,12,4,8
4692,13,6,7
4693,14,8,6
4694,15,7,8
4695,16,10,6
4696,17,3,14
4697,18,5,13
4698,19,9,10
4699,20,11,9
4700,21,12,9
4701,22,13,9
4702,23,1,22
4703,24,2,22
4704,1,4,3
4705,2,7,5
4706,3,8,5
4707,4,5,1
4708,5,10,5
4709,6,3,3
4710,7,6,1
4711,8,9,1
4712,9,11,2
4713,10,12,2
4714,11,13,2
4715,12,1,11
4716,13,2,11
4717,14,4,10
4718,15,7,8
4719,16,8,8
4720,17,5,12
4721,18,10,8
4722,19,3,16
4723,20,6,14
4724,21,9,12
4725,22,12,10
4726,23,11,12
4727,24,13,11
4728,1,1,0
4729,2,2,0
4730,3,4,1
4731,4,7,3
4732,5,8,3
4733,6,6,0
4734,7,10,3
4735,8,3,5
4736,9,5,4
4737,10,9,1
4738,11,12,1
4739,12,11,1
4740,13,13,0
4741,14,1,13
4742,15,2,13
4743,16,4,12
4744,17,7,10
4745,18,8,10
4746,19,5,14
4747,20,10,10
4748,21,3,18
4749,22,6,16
4750,23,9,14
4751,24,12,12
4752,1,11,10
4753,2,13,11
4754,3,1,2
4755,4,2,2
4756,5,4,1
4757,6,7,1
4758,7,8,1
4759,8,5,3
4760,9,9,0
4761,10,3,7
4762,11,6,5
4763,12,10,2
4764,13,12,1
4765,14,11,3
4766,15,13,2
4767,16,1,15
4768,17,3,14
4769,18,4,14
4770,19,7,12
4771,20,8,12
4772,21,5,16
4773,22,9,13
4774,23,2,21
4775,24,6,18
4776,1,10,9
4777,2,12,10
4778,3,11,8
4779,4,13,9
4780,5,1,4
4781,6,3,3
4782,7,4,3
4783,8,8,0
4784,9,7,2
4785,10,5,5
4786,11,9,2
4787,12,2,10
4788,13,6,7
4789,14,10,4
4790,15,12,3
4791,16,11,5
4792,17,13,4
4793,18,1,17
4794,19,3,16
4795,20,5,15
4796,21,8,13
4797,22,7,15
4798,23,4,19
4799,24,9,15
4800,1,2,1
4801,2,6,4
4802,3,10,7
4803,4,12,8
4804,5,11,6
4805,6,13,7
4806,7,1,6
4807,8,2,6
4808,9,5,4
4809,10,8,2
4810,11,7,4
4811,12,4,8
4812,13,9,4
4813,14,3,11
4814,15,6,9
4815,16,10,6
4816,17,12,5
4817,18,11,7
4818,19,13,6
4819,20,1,19
4820,21,2,19
4821,22,5,17
4822,23,8,15
4823,1,7,6
4824,2,4,2
4825,3,9,6
4826,4,3,1
4827,5,6,1
4828,6,10,4
4829,7,12,5
4830,8,11,3
4831,9,13,4
5037,24,1,23
5038,1,2,1
5039,2,3,1
5040,3,4,1
5041,4,5,1
5042,5,6,1
5043,6,7,1
5044,7,8,1
5045,8,1,7
5046,9,2,7
5047,10,3,7
5048,11,4,7
5049,12,7,5
5050,13,6,7
5051,14,8,6
5052,15,10,5
5053,16,5,11
5054,17,9,8
5055,18,3,15
5056,19,1,18
5057,20,2,18
5058,21,4,17
5059,22,7,15
5060,23,6,17
5061,24,9,15
5062,1,11,10
5063,2,5,3
5064,3,10,7
5065,4,8,4
5066,5,12,7
5067,6,13,7
5068,7,1,6
5069,8,2,6
5070,9,3,6
5071,10,4,6
5072,11,8,3
5073,12,7,5
5074,13,10,3
5075,14,11,3
5076,15,5,10
5077,16,9,7
5078,17,6,11
5079,18,13,5
5080,19,12,7
5081,20,1,19
5082,21,2,19
5083,22,3,19
5084,23,4,19
5085,24,8,16
5086,1,7,6
5087,2,12,10
5088,3,13,10
5089,4,5,1
5090,5,11,6
5091,6,6,0
5092,7,9,2
5093,8,10,2
5094,9,1,8
5095,10,3,7
5096,11,2,9
5097,12,5,7
5098,13,9,4
5099,14,6,8
5100,15,12,3
5101,16,13,3
5102,17,7,10
5103,18,11,7
5104,19,4,15
5105,20,10,10
5106,21,8,13
5107,22,1,21
5108,23,2,21
5109,1,3,2
5110,2,5,3
5111,3,9,6
5112,4,6,2
5113,5,12,7
5114,6,13,7
5115,7,7,0
5116,8,11,3
5117,9,4,5
5118,10,10,0
5119,11,8,3
5120,12,1,11
5121,13,2,11
5122,14,3,11
5123,15,6,9
5124,16,9,7
5125,17,5,12
5126,18,12,6
5127,19,13,6
5128,20,7,13
5129,21,11,10
5130,22,4,18
5131,23,10,13
5132,24,8,16
5133,1,1,0
5134,2,2,0
5135,3,3,0
5136,4,6,2
5137,5,9,4
5138,6,5,1
5139,7,11,4
5140,8,13,5
5141,9,7,2
5142,10,12,2
5143,11,4,7
5144,12,10,2
5145,13,8,5
5146,14,1,13
5147,15,2,13
5148,16,3,13
5149,17,6,11
5150,18,9,9
5151,19,5,14
5152,20,11,9
5153,21,13,8
5154,22,7,15
5155,23,12,11
5156,1,4,3
5157,2,10,8
5158,3,8,5
5159,4,1,3
5160,5,2,3
5161,6,3,3
5162,7,6,1
5163,8,9,1
5164,9,4,5
5165,10,11,1
5166,11,13,2
5167,12,7,5
5168,13,12,1
5169,14,5,9
5170,15,10,5
5171,16,8,8
5172,17,1,16
5173,18,2,16
5174,19,3,16
5175,20,4,16
5176,21,8,13
5177,22,6,16
5178,23,11,12
5179,24,12,12
5180,1,5,4
5181,2,13,11
5182,3,7,4
5183,4,10,6
5184,5,9,4
5185,6,1,5
5186,7,2,5
5187,8,3,5
5188,9,4,5
5189,10,8,2
5190,11,6,5
5191,12,11,1
5192,13,12,1
5193,14,5,9
5194,15,13,2
5195,16,7,9
5196,17,10,7
5197,18,9,9
5198,19,1,18
5199,20,2,18
5200,21,3,18
5201,22,4,18
5202,23,8,15
5203,24,7,17
5204,1,11,10
5205,2,12,10
5206,3,6,3
5207,4,13,9
5208,5,5,0
5209,6,10,4
5210,7,9,2
5211,8,1,7
5212,9,2,7
5213,10,3,7
5214,11,4,7
5215,12,8,4
5216,13,7,6
5217,14,11,3
5218,15,12,3
5219,16,6,10
5220,17,13,4
5221,18,5,13
5222,19,10,9
5223,20,9,11
5224,21,1,20
5225,22,2,20
5226,23,3,20
5227,24,4,20
5228,1,8,7
5229,2,6,4
5230,3,11,8
5231,4,12,8
5232,5,7,2
5233,6,13,7
5234,7,5,2
5235,8,10,2
5236,9,9,0
5237,10,1,9
5238,11,2,9
5239,12,3,9
5240,13,4,9
5241,14,9,5
5242,15,5,10
5243,16,12,4
5244,17,11,6
5245,18,7,11
5246,19,13,6
5247,20,6,14
5248,21,10,11
5249,22,8,14
5250,23,1,22
5251,24,2,22
5252,1,3,2
5253,2,4,2
5254,3,5,2
5255,4,6,2
5256,5,7,2
5257,6,8,2
5258,7,1,6
5259,8,4,4
5260,9,3,6
5261,10,5,5
5262,11,6,5
5263,12,2,10
5264,13,8,5
5265,14,9,5
5266,15,7,8
5267,16,10,6
5268,17,2,15
5269,18,3,15
5270,19,4,15
5271,20,5,15
5272,21,7,14
5273,22,1,21
5274,23,9,14
5275,1,10,9
5276,2,6,4
5277,3,8,5
5278,4,11,7
5279,5,3,2
5280,6,2,4
5281,7,4,3
5282,8,6,2
5283,9,7,2
5284,10,1,9
5285,11,9,2
5286,12,10,2
5287,13,5,8
5288,14,8,6
5289,15,11,4
5290,16,3,13
5291,17,1,16
5292,18,4,14
5293,19,5,14
5294,20,8,12
5295,21,2,19
5296,22,10,12
5297,23,11,12
5298,24,6,18
5299,1,9,8
5300,2,7,5
5445,4,1,3
5446,5,2,3
5447,6,3,3
5448,7,4,3
5449,8,5,3
5450,9,6,3
5451,10,1,9
5452,11,3,8
5453,12,4,8
5454,13,5,8
5455,14,6,8
5456,15,7,8
5457,16,2,14
5458,17,8,9
5459,18,9,9
5460,19,1,18
5461,20,3,17
5462,21,4,17
5463,22,6,16
5464,1,5,4
5465,2,7,5
5466,3,2,1
5467,4,8,4
5468,5,11,6
5469,6,9,3
5470,7,10,3
5471,8,1,7
5472,9,3,6
5473,10,5,5
5474,11,4,7
5475,12,6,6
5476,13,7,6
5477,14,2,12
5478,15,8,7
5479,16,11,5
5480,17,9,8
5481,18,10,8
5482,19,1,18
5483,20,3,17
5484,21,4,17
5485,22,5,17
5486,1,6,5
5487,2,8,6
5488,3,2,1
5489,4,7,3
5490,5,11,6
5491,6,9,3
5492,7,10,3
5493,8,1,7
5494,9,3,6
5495,10,5,5
5496,11,4,7
5497,12,6,6
5498,13,9,4
5499,14,2,12
5500,15,7,8
5501,16,11,5
5502,17,8,9
5503,18,10,8
5504,19,1,18
5505,20,3,17
5506,21,4,17
5507,22,5,17
5508,1,6,5
5509,2,9,7
5510,3,2,1
5511,4,7,3
5512,5,11,6
5513,6,8,2
5514,7,10,3
5515,8,1,7
5516,9,3,6
5517,10,4,6
5518,11,5,6
5519,12,6,6
5520,13,9,4
5521,14,2,12
5522,15,8,7
5523,16,11,5
5524,17,7,10
5525,18,10,8
5526,19,1,18
5527,20,3,17
5528,21,4,17
5529,22,5,17
5530,1,6,5
5531,2,9,7
5532,3,2,1
5533,4,8,4
5534,5,11,6
5535,6,7,1
5536,7,10,3
5537,8,1,7
5538,9,3,6
5539,10,4,6
5540,11,5,6
5541,12,6,6
5542,13,9,4
5543,14,2,12
5544,15,8,7
5545,16,11,5
5546,17,7,10
5547,18,10,8
5548,19,1,18
5549,20,3,17
5550,21,4,17
5551,22,5,17
5552,1,6,5
5553,2,9,7
5554,3,2,1
5555,4,8,4
5556,5,11,6
5557,6,7,1
5558,7,10,3
5559,8,2,6
5560,9,3,6
5561,10,4,6
5562,11,5,6
5563,12,6,6
5564,13,9,4
5565,14,1,13
5566,15,8,7
5567,16,11,5
5568,17,7,10
5569,18,10,8
5570,19,2,17
5571,20,3,17
5572,21,4,17
5573,22,6,16
5574,1,5,4
5575,2,9,7
5576,3,1,2
5577,4,8,4
5578,5,11,6
5579,6,7,1
5580,7,10,3
5581,8,2,6
5582,9,3,6
5583,10,4,6
5584,11,6,5
5585,12,5,7
5586,13,9,4
5587,14,1,13
5588,15,7,8
5589,16,10,6
5590,17,8,9
5591,18,11,7
5592,19,1,18
5593,20,3,17
5594,21,5,16
5595,22,6,16
5596,1,4,3
5597,2,9,7
5598,3,2,1
5599,4,7,3
5600,5,10,5
5601,6,8,2
5602,7,11,4
5603,8,1,7
5604,9,3,6
5605,10,5,5
5606,11,6,5
5607,12,4,8
5608,13,9,4
5609,14,2,12
5610,15,7,8
5611,16,10,6
5612,17,8,9
5613,18,11,7
5614,19,1,18
5615,20,2,18
5616,21,3,18
5617,22,4,18
5618,1,5,4
5619,2,6,4
5620,3,7,4
5621,4,8,4
5622,5,9,4
5623,6,10,4
5624,7,1,6
5625,8,2,6
5626,9,4,5
5627,10,3,7
5628,11,7,4
5629,12,8,4
5630,13,9,4
5631,14,6,8
5632,15,11,4
5633,16,10,6
5634,17,5,12
5635,18,1,17
5636,19,2,17
5637,20,3,17
5638,21,4,17
5639,22,5,17
5640,1,10,9
5641,2,9,7
5642,3,8,5
5643,4,11,7
5644,5,7,2
5645,6,6,0
5646,7,1,6
5647,8,2,6
5648,9,5,4
5649,10,4,6
5650,11,6,5
5651,12,10,2
5652,13,9,4
5653,14,8,6
5654,15,11,4
5655,16,7,9
5656,17,3,14
5657,18,1,17
5658,19,2,17
5659,20,5,15
5660,21,4,17
5661,22,6,16
5662,1,10,9
5663,2,9,7
5664,3,8,5
5665,4,11,7
5666,5,7,2
5667,6,3,3
5668,7,1,6
5669,8,2,6
5670,9,5,4
5671,10,4,6
5672,11,6,5
5673,12,9,3
5674,13,10,3
5675,14,7,7
5676,15,11,4
5677,16,8,8
5678,17,3,14
5679,18,1,17
5680,19,2,17
5681,20,6,14
5682,21,4,17
5683,22,5,17
5684,1,7,6
5685,2,10,8
5686,3,8,5
5687,4,11,7
5688,5,9,4
5689,6,3,3
5690,7,1,6
5691,8,2,6
5692,9,4,5
5693,10,5,5
5694,11,6,5
5695,12,7,5
5696,13,8,5
5697,14,9,5
5698,15,11,4
5699,16,10,6
5700,17,3,14
5701,18,1,17
5702,19,2,17
5703,20,4,16
5704,21,5,16
5705,22,6,16
5706,1,7,6
5707,2,8,6
5708,3,9,6
5709,4,11,7
5710,5,10,5
5711,6,3,3
5712,7,1,6
5713,8,2,6
5714,9,4,5
5715,10,5,5
5716,11,6,5
5717,12,7,5
5718,13,8,5
5719,14,9,5
5720,15,11,4
5721,16,10,6
5722,17,3,14
5723,18,1,17
5724,19,2,17
5725,20,4,16
5726,21,5,16
5727,22,6,16
5728,1,7,6
5729,2,8,6
5730,3,9,6
5731,4,11,7
5732,5,10,5
5733,6,3,3
5734,7,1,6
5735,8,2,6
5736,9,4,5
5737,10,6,4
5738,11,5,6
5739,12,8,4
5740,13,9,4
5741,14,10,4
5742,15,11,4
5743,16,7,9
5744,17,3,14
5745,18,1,17
5746,19,2,17
5747,20,4,16
5748,21,6,15
5749,22,5,17
5750,1,8,7
5751,2,9,7
5752,3,10,7
5753,4,11,7
5754,5,7,2
5755,6,3,3
5756,7,1,6
5757,8,2,6
5758,9,4,5
5759,10,6,4
5760,11,5,6
5761,12,8,4
5762,13,9,4
5763,14,10,4
5764,15,11,4
5765,16,7,9
5766,17,3,14
5767,18,1,17
5768,19,2,17
5769,20,4,16
5770,21,6,15
5771,22,5,17
5772,1,8,7
5773,2,9,7
5774,3,10,7
5775,4,11,7
5776,5,7,2
5777,6,3,3
5778,7,1,6
5779,8,2,6
5780,9,4,5
5781,10,5,5
5782,11,6,5
5783,12,8,4
5784,13,9,4
5785,14,10,4
5786,15,11,4
5787,16,7,9
5788,17,3,14
5789,18,1,17
5790,19,2,17
5791,20,4,16
5792,21,5,16
5793,22,6,16
5794,1,8,7
5795,2,9,7
5796,3,10,7
5797,4,11,7
5798,5,7,2
5799,6,3,3
5800,7,1,6
5801,8,2,6
5802,9,3,6
5803,10,4,6
5804,11,5,6
5805,12,6,6
5806,13,2,11
5807,14,1,13
5808,15,3,12
5809,16,4,12
5810,17,7,10
5811,18,8,10
5812,19,5,14
5813,20,6,14
5814,21,9,12
5815,22,10,12
5816,1,11,10
5817,2,2,0
5818,3,1,2
5819,4,3,1
5820,5,5,0
5821,6,7,1
5822,7,8,1
5823,8,4,4
5824,9,6,3
5825,10,9,1
5826,11,10,1
5827,12,11,1
5828,13,1,12
5829,14,2,12
5830,15,3,12
5831,16,5,11
5832,17,7,10
5833,18,8,10
5834,19,4,15
5835,20,6,14
5836,21,9,12
5837,22,10,12
5838,1,11,10
5839,2,1,1
5840,3,2,1
5841,4,3,1
5842,5,6,1
5843,6,7,1
5844,7,8,1
5845,8,4,4
5846,9,5,4
5847,10,10,0
5848,11,11,0
5849,12,9,3
5850,13,1,12
5851,14,2,12
5852,15,3,12
5853,16,6,10
5854,17,7,10
5855,18,9,9
5856,19,4,15
5857,20,5,15
5858,21,11,10
5859,22,8,14
5860,1,10,9
5861,2,1,1
5862,3,2,1
5863,4,3,1
5864,5,7,2
5865,6,8,2
5866,7,9,2
5867,8,4,4
5868,9,5,4
5869,10,11,1
5870,11,6,5
5871,12,10,2
5872,13,1,12
5873,14,2,12
5874,15,3,12
5875,16,7,9
5876,17,8,9
5877,18,9,9
5878,19,4,15
5879,20,5,15
5880,21,11,10
5881,22,6,16
5882,1,10,9
5883,2,1,1
5884,3,2,1
5885,4,3,1
5886,5,7,2
5887,6,8,2
5888,7,9,2
5889,8,4,4
5890,9,5,4
5891,10,11,1
5892,11,6,5
5893,12,10,2
5894,13,1,12
5895,14,2,12
5896,15,3,12
5897,16,8,8
5898,17,9,8
5899,18,10,8
5900,19,4,15
5901,20,5,15
5902,21,7,14
5903,22,6,16
5904,1,11,10
5905,2,1,1
5906,3,2,1
5907,4,3,1
5908,5,8,3
5909,6,9,3
5910,7,10,3
5911,8,4,4
5912,9,5,4
5913,10,7,3
5914,11,6,5
5915,12,11,1
5916,13,1,12
5917,14,2,12
5918,15,3,12
5919,16,8,8
5920,17,9,8
5921,18,10,8
5922,19,4,15
5923,20,5,15
5924,21,7,14
5925,22,6,16
5926,1,11,10
5927,2,1,1
5928,3,2,1
5929,4,3,1
5930,5,8,3
5931,6,9,3
5932,7,10,3
5933,8,4,4
5934,9,5,4
5935,10,7,3
5936,11,6,5
5937,12,11,1
5938,13,1,12
5939,14,2,12
5940,15,3,12
5941,16,8,8
5942,17,9,8
5943,18,10,8
5944,19,4,15
5945,20,5,15
5946,21,7,14
5947,22,6,16
5948,23,11,12
5949,24,1,23
5950,1,2,1
5951,2,3,1
5952,3,6,3
5953,4,9,5
5954,5,10,5
5955,6,4,2
5956,7,5,2
5957,8,8,0
5958,9,7,2
5959,10,11,1
5960,11,1,10
5961,12,2,10
5962,13,3,10
5963,14,6,8
5964,15,9,6
5965,16,10,6
5966,17,4,13
5967,18,5,13
5968,19,7,12
5969,20,8,12
5970,21,11,10
5971,22,1,21
5972,1,2,1
5973,2,3,1
5974,3,7,4
5975,4,9,5
5976,5,10,5
5977,6,4,2
5978,7,5,2
5979,8,8,0
5980,9,6,3
5981,10,11,1
5982,11,1,10
5983,12,2,10
5984,13,4,9
5985,14,3,11
5986,15,5,10
5987,16,6,10
5988,17,7,10
5989,18,1,17
5990,19,4,15
5991,20,2,18
5992,21,3,18
5993,22,5,17
5994,1,6,5
5995,2,8,6
5996,3,7,4
5997,4,9,5
5998,5,1,4
5999,6,4,2
6000,7,3,4
6001,8,2,6
6002,9,6,3
6003,10,7,3
6004,11,10,1
6005,12,5,7
6006,13,9,4
6007,14,8,6
6008,15,1,14
6009,16,4,12
6010,17,2,15
6011,18,3,15
6012,19,6,13
6013,20,7,13
6014,21,10,11
6015,22,5,17
6016,1,8,7
6017,2,9,7
6018,3,1,2
6019,4,4,0
6020,5,2,3
6021,6,3,3
6022,7,6,1
6023,8,7,1
6024,9,10,1
6025,10,5,5
6026,11,8,3
6027,12,9,3
6028,13,2,11
6029,14,4,10
6030,15,1,14
6031,16,3,13
6032,17,7,10
6033,18,6,12
6034,19,10,9
6035,20,5,15
6036,21,9,12
6037,22,8,14
6038,1,1,0
6039,2,3,1
6040,3,2,1
6041,4,4,0
6042,5,7,2
6043,6,6,0
6044,7,10,3
6045,8,5,3
6046,9,9,0
6047,10,8,2
6048,11,2,9
6049,12,3,9
6050,13,1,12
6051,14,4,10
6052,15,7,8
6053,16,6,10
6054,17,10,7
6055,18,5,13
6056,19,9,10
6057,20,8,12
6058,21,3,18
6059,22,2,20
6060,1,1,0
6061,2,4,2
6062,3,7,4
6063,4,5,1
6064,5,10,5
6065,6,6,0
6066,7,9,2
6067,8,8,0
6068,9,3,6
6069,10,2,8
6070,11,1,10
6071,12,4,8
6072,13,8,5
6073,14,5,9
6074,15,10,5
6075,16,7,9
6076,17,9,8
6077,18,6,12
6078,19,3,16
6079,20,2,18
6080,21,1,20
6081,22,4,18
6082,1,8,7
6083,2,5,3
6084,3,10,7
6085,4,7,3
6086,5,9,4
6087,6,6,0
6088,7,3,4
6089,8,2,6
6090,9,1,8
6091,10,4,6
6092,11,9,2
6093,12,5,7
6094,13,10,3
6095,14,8,6
6096,15,6,9
6097,16,7,9
6098,17,3,14
6099,18,1,17
6100,19,2,17
6101,20,4,16
6102,21,9,12
6103,22,5,17
6104,1,10,9
6105,2,8,6
6106,3,7,4
6107,4,6,2
6108,5,3,2
6109,6,1,5
6110,7,2,5
6111,8,4,4
6112,9,9,0
6113,10,5,5
6114,11,10,1
6115,12,8,4
6116,13,7,6
6117,14,6,8
6118,15,3,12
6119,16,2,14
6120,17,1,16
6121,18,4,14
6122,19,5,14
6123,20,6,14
6124,21,10,11
6125,22,9,13
6126,1,8,7
6127,2,7,5
6128,3,3,0
6129,4,2,2
6130,5,1,4
6131,6,4,2
6132,7,6,1
6133,8,5,3
6134,9,10,1
6135,10,9,1
6136,11,8,3
6137,12,7,5
6138,13,1,12
6139,14,3,11
6140,15,2,13
6141,16,4,12
6142,17,5,12
6143,18,6,12
6144,19,7,12
6145,20,8,12
6146,21,9,12
6147,22,1,21
6148,1,3,2
6149,2,2,0
6150,3,4,1
6151,4,5,1
6152,5,6,1
6153,6,8,2
6154,7,7,0
6155,8,9,1
6156,9,10,1
6157,10,1,9
6158,11,2,9
6159,12,3,9
6160,13,4,9
6161,14,5,9
6162,15,6,9
6163,16,7,9
6164,17,8,9
6165,18,9,9
6166,19,10,9
6167,20,1,19
6168,21,2,19
6169,22,4,18
6170,1,3,2
6171,2,5,3
6172,3,6,3
6173,4,7,3
6174,5,8,3
6175,6,9,3
6176,7,10,3
6177,8,1,7
6178,9,2,7
6179,10,4,6
6180,11,3,8
6181,12,5,7
6182,13,6,7
6183,14,7,7
6184,15,8,7
6185,16,9,7
6186,17,10,7
6187,18,1,17
6188,19,2,17
6189,20,4,16
6190,21,3,18
6191,22,6,16
6192,1,5,4
6193,2,9,7
6194,3,7,4
6195,4,8,4
6196,5,10,5
6197,6,1,5
6198,7,2,5
6199,8,4,4
6200,9,3,6
6201,10,6,4
6202,11,5,6
6203,12,8,4
6204,13,7,6
6205,14,9,5
6206,15,10,5
6207,16,1,15
6208,17,2,15
6209,18,4,14
6210,19,3,16
6211,20,6,14
6212,21,5,16
6213,22,9,13
6214,1,8,7
6215,2,7,5
6216,3,10,7
6217,4,1,3
6218,5,2,3
6219,6,4,2
6220,7,3,4
6221,8,5,3
6222,9,6,3
6223,10,9,1
6224,11,7,4
6225,12,8,4
6226,13,10,3
6227,14,1,13
6228,15,2,13
6229,16,4,12
6230,17,3,14
6231,18,5,13
6232,19,6,13
6233,20,9,11
6234,21,7,14
6235,1,8,7
6236,2,10,8
6237,3,1,2
6238,4,2,2
6239,5,4,1
6240,6,3,3
6241,7,5,2
6242,8,6,2
6243,9,9,0
6244,10,7,3
6245,11,8,3
6246,12,10,2
6247,13,1,12
6248,14,2,12
6249,15,4,11
6250,16,3,13
6251,17,5,12
6252,18,6,12
6253,1,8,7
6254,2,7,5
6255,3,9,6
6256,4,10,6
6257,5,1,4
6258,6,2,4
6259,7,4,3
6260,8,3,5
6261,9,5,4
6262,10,6,4
6263,11,8,3
6264,12,7,5
6265,13,9,4
6266,14,10,4
6267,15,1,14
6268,16,2,14
6269,17,4,13
6270,18,3,15
6305,15,9,6
6304,14,8,6
6303,13,7,6
6302,12,6,6
6301,11,5,6
6300,10,2,8
6299,9,4,5
6298,8,3,5
6297,7,1,6
6296,6,10,4
6295,5,9,4
6294,4,8,4
6293,3,7,4
6292,2,6,4
6291,1,5,4
6306,16,10,6
6307,17,1,16
6308,18,3,15
6309,1,4,3
6310,2,2,0
6311,3,5,2
6312,4,6,2
6313,5,7,2
6314,6,8,2
6315,7,9,2
6316,8,10,2
6317,9,1,8
6318,10,3,7
6319,11,2,9
6320,12,4,8
6321,13,5,8
6322,14,6,8
6323,15,7,8
6324,16,8,8
6325,17,9,8
6326,18,10,8
6327,1,11,10
6328,2,1,1
6329,3,2,1
6330,4,3,1
6331,5,4,1
6332,6,5,1
6333,7,8,1
6334,8,9,1
6335,9,6,3
6336,10,7,3
6337,11,10,1
6338,12,11,1
6339,13,1,12
6340,14,3,11
6341,15,2,13
6342,16,4,12
6343,17,7,10
6344,18,8,10
6345,19,9,10
6346,1,5,4
6347,2,6,4
6348,3,10,7
6349,4,11,7
6350,5,1,4
6351,6,3,3
6352,7,2,5
6353,8,4,4
6354,9,6,3
6355,10,8,2
6356,11,9,2
6357,12,5,7
6358,13,7,6
6359,14,10,4
6360,15,11,4
6361,16,1,15
6362,17,2,15
6363,18,3,15
6364,19,4,15
6365,20,6,14
6366,1,8,7
6367,2,9,7
6368,3,5,2
6369,4,7,3
6370,5,10,5
6371,6,11,5
6372,7,1,6
6373,8,2,6
6374,9,3,6
6375,10,4,6
6376,11,6,5
6377,12,8,4
6378,13,9,4
6379,14,5,9
6380,15,7,8
6381,16,10,6
6382,17,11,6
6383,18,1,17
6384,19,2,17
6385,1,3,2
6386,2,4,2
6387,3,6,3
6388,4,8,4
6389,5,9,4
6390,6,5,1
6391,7,7,0
6392,8,10,2
6393,9,11,2
6394,10,1,9
6395,11,2,9
6396,12,3,9
6397,13,4,9
6398,14,6,8
6399,15,8,7
6400,16,9,7
6401,17,5,12
6402,18,7,11
6403,19,10,9
6404,20,11,9
6405,1,1,0
6406,2,2,0
6407,3,3,0
6408,4,4,0
6409,5,7,2
6410,6,8,2
6411,7,9,2
6412,8,5,3
6413,9,6,3
6414,10,10,0
6415,11,11,0
6416,12,1,11
6417,13,2,11
6418,14,3,11
6419,15,4,11
6420,16,8,8
6421,17,7,10
6422,18,9,9
6423,19,5,14
6424,20,6,14
6425,1,10,9
6426,2,11,9
6427,3,1,2
6428,4,2,2
6429,5,3,2
6430,6,4,2
6431,7,8,1
6432,8,7,1
6433,9,9,0
6434,10,6,4
6435,11,5,6
6436,12,10,2
6437,13,11,2
6438,14,1,13
6439,15,2,13
6440,16,3,13
6441,17,4,13
6442,18,8,10
6443,19,7,12
6444,1,9,8
6445,2,6,4
6446,3,5,2
6447,4,10,6
6448,5,11,6
6449,6,1,5
6450,7,2,5
6451,8,3,5
6452,9,4,5
6453,10,8,2
6454,11,7,4
6455,12,9,3
6456,13,6,7
6457,14,5,9
6458,15,10,5
6459,16,11,5
6460,17,1,16
6461,18,2,16
6462,19,3,16
6463,20,4,16
6464,1,8,7
6465,2,7,5
6466,3,9,6
6467,4,6,2
6468,5,5,0
6469,6,10,4
6470,7,11,4
6471,8,2,6
6472,9,1,8
6473,10,3,7
6474,11,4,7
6475,12,8,4
6476,13,7,6
6477,14,9,5
6478,15,5,10
6479,16,6,10
6480,17,10,7
6481,18,11,7
6482,19,12,7
6483,20,1,19
6484,1,2,1
6485,2,3,1
6486,3,4,1
6487,4,8,4
6488,5,7,2
6489,6,9,3
6490,7,5,2
6491,8,6,2
6492,9,10,1
6493,10,11,1
6494,11,12,1
6495,12,1,11
6496,13,2,11
6497,14,3,11
6498,15,4,11
6499,16,8,8
6500,17,7,10
6501,18,9,9
6502,19,5,14
6503,20,6,14
6504,1,10,9
6505,2,11,9
6506,3,12,9
6507,4,1,3
6508,5,2,3
6509,6,3,3
6510,7,4,3
6511,8,8,0
6512,9,7,2
6513,10,9,1
6514,11,5,6
6515,12,6,6
6516,13,10,3
6517,14,11,3
6518,15,12,3
7624,5,1,4
7625,6,2,4
7626,7,3,4
7627,8,4,4
7628,9,5,4
7629,10,6,4
7630,11,7,4
7631,12,8,4
7632,13,9,4
7633,14,10,4
7634,15,11,4
7635,16,12,4
7636,17,13,4
7637,18,14,4
7638,19,15,4
7639,20,16,4
7640,1,17,16
7641,2,18,16
7642,3,19,16
7643,4,1,3
7644,7,3,4
7645,8,4,4
7646,9,5,4
7647,10,6,4
7648,12,7,5
7649,13,8,5
7650,14,9,5
7651,15,11,4
7652,16,13,3
7653,17,2,15
7654,18,16,2
7655,19,12,7
7656,20,14,6
7657,5,10,5
7658,6,17,11
7659,11,15,4
7660,1,19,18
7661,2,18,16
7662,3,1,2
7663,4,5,1
7664,5,2,3
7665,6,4,2
7666,7,6,1
7667,8,8,0
7668,9,9,0
7669,10,11,1
7670,12,13,1
7671,14,15,1
7672,15,3,12
7673,16,16,0
7674,17,14,3
7675,18,7,11
7676,19,10,9
7677,20,12,8
7678,11,17,6
7679,13,19,6
7680,1,18,17
7681,2,1,1
7682,3,4,1
7683,4,2,2
7684,5,5,0
7685,6,7,1
7686,7,10,3
7687,8,8,0
7688,9,6,3
7689,10,13,3
7690,11,15,4
7691,12,3,9
7692,13,16,3
7693,14,14,0
7694,15,9,6
7695,16,12,4
7696,17,11,6
7697,18,17,1
7698,19,19,0
7699,20,18,2
7700,1,1,0
7701,2,5,3
7702,3,3,0
7703,4,4,0
7704,5,6,1
7705,6,10,4
7706,7,9,2
7707,8,7,1
7708,9,15,6
7709,10,13,3
7710,11,2,9
7711,12,14,2
7712,13,16,3
7713,14,8,6
7714,15,12,3
7715,16,11,5
7716,17,17,0
7717,18,19,1
7718,19,18,1
7719,20,1,19
7720,1,5,4
7721,2,3,1
7722,3,4,1
7723,4,6,2
7724,5,10,5
7725,6,9,3
7726,7,7,0
7727,8,16,8
7728,9,13,4
7729,10,2,8
7730,11,15,4
7731,12,14,2
7732,13,8,5
7733,14,12,2
7734,15,11,4
7735,16,17,1
7736,17,19,2
7737,18,18,0
7738,19,1,18
7739,20,5,15
7740,1,4,3
7741,2,3,1
7742,3,7,4
7743,4,11,7
7744,5,9,4
7745,6,8,2
7746,7,16,9
7747,8,6,2
7748,9,2,7
7749,10,15,5
7750,11,14,3
7751,12,10,2
7752,13,13,0
7753,14,12,2
7754,15,17,2
7755,16,19,3
7756,17,18,1
7757,18,1,17
7758,19,5,14
7759,20,3,17
7760,3,4,1
7761,4,9,5
7762,5,11,6
7763,6,7,1
7764,7,8,1
7765,8,16,8
7766,9,6,3
7767,10,2,8
7768,11,15,4
7769,12,14,2
7770,13,10,3
7771,14,13,1
7772,15,12,3
7773,16,17,1
7774,17,19,2
7775,18,18,0
7776,19,1,18
7777,20,5,15
7778,1,4,3
7779,2,3,1
7780,1,9,8
7781,2,11,9
7782,3,7,4
7783,4,8,4
7784,5,16,11
7785,6,6,0
7786,7,2,5
7787,8,15,7
7788,9,14,5
7789,10,10,0
7790,11,13,2
7791,12,12,0
7792,13,17,4
7793,14,19,5
7794,15,18,3
7795,16,1,15
7796,17,5,12
7797,18,3,15
7798,19,4,15
7799,20,10,10
7800,1,11,10
7801,2,7,5
7802,3,9,6
7803,4,17,13
7804,5,6,1
7805,6,2,4
7806,7,16,9
7807,8,14,6
7808,9,8,1
7809,10,13,3
7810,11,12,1
7811,12,15,3
7812,13,19,6
7813,14,18,4
7814,15,1,14
7815,16,5,11
7816,17,3,14
7817,18,4,14
7818,19,10,9
7819,20,11,9
7820,1,7,6
7821,2,9,7
7822,3,17,14
7823,4,6,2
7824,5,2,3
7825,6,15,9
7826,7,14,7
7827,8,8,0
7828,9,13,4
7829,10,12,2
7830,11,16,5
7831,12,19,7
7832,13,18,5
7833,14,1,13
7834,15,5,10
7835,16,3,13
7836,17,4,13
7837,18,10,8
7838,19,11,8
7839,20,7,13
7840,1,9,8
7841,2,17,15
7842,3,6,3
7843,4,2,2
7844,5,15,10
7845,6,14,8
7846,7,8,1
7847,8,13,5
7848,9,12,3
7849,10,16,6
7850,11,19,8
7851,12,18,6
7852,13,1,12
7853,14,5,9
7854,15,3,12
7855,16,4,12
7856,17,10,7
7857,18,11,7
7858,19,7,12
7859,20,9,11
7860,1,17,16
7861,2,6,4
7862,3,2,1
7863,4,15,11
7864,5,14,9
7865,6,8,2
7866,7,13,6
7867,8,12,4
7868,9,16,7
7869,10,19,9
7870,11,18,7
7871,12,1,11
7872,13,5,8
7873,14,3,11
7874,15,4,11
7875,16,10,6
7876,17,12,5
7877,18,7,11
7878,19,9,10
7879,20,17,3
7880,1,6,5
7881,2,2,0
7882,3,16,13
7883,4,15,11
7884,5,8,3
7885,6,11,5
7886,7,13,6
7887,8,14,6
7888,9,19,10
7889,10,18,8
7890,11,1,10
7891,12,5,7
7892,13,4,9
7893,14,3,11
7894,15,10,5
7895,16,12,4
7896,17,6,11
7897,18,9,9
7898,19,17,2
7899,20,7,13
7900,1,2,1
7901,2,16,14
7902,3,15,12
7903,4,8,4
7904,5,11,6
7905,6,13,7
7906,7,14,7
7907,8,19,11
7908,9,18,9
7909,10,1,9
7910,11,5,6
7911,13,4,9
7912,14,3,11
7913,15,10,5
7914,16,12,4
7915,17,6,11
7916,18,9,9
7917,19,17,2
7918,20,7,13
7919,12,2,10
7920,1,16,15
7921,2,15,13
7922,3,8,5
7923,4,11,7
7924,5,13,8
7925,6,14,8
7926,7,19,12
7927,8,18,10
8230,13,1,12
8231,14,2,12
8232,15,4,11
8233,16,3,13
8234,17,5,12
8235,18,6,12
8236,19,7,12
8237,20,8,12
8238,1,9,8
8239,2,10,8
8240,3,11,8
8241,4,12,8
8242,5,13,8
8243,6,14,8
8244,7,15,8
8245,8,16,8
8246,9,17,8
8247,10,18,8
8248,11,1,10
8249,12,2,10
8250,13,4,9
8251,14,5,9
8252,15,6,9
8253,16,7,9
8254,17,9,8
8255,18,8,10
8256,19,11,8
8257,20,13,7
8258,1,10,9
8259,2,3,1
8260,3,15,12
8261,4,16,12
8262,5,12,7
8263,6,14,8
8264,7,18,11
8265,8,17,9
8266,9,1,8
8267,10,2,8
8268,11,4,7
8269,12,5,7
8270,13,9,4
8271,14,10,4
8272,15,13,2
8273,16,7,9
8274,17,14,3
8275,18,12,6
8276,19,8,11
8277,20,3,17
8278,1,16,15
8279,2,15,13
8280,3,11,8
8281,4,6,2
8282,5,19,14
8283,6,18,12
8284,7,17,10
8285,8,1,7
8286,9,2,7
8287,10,4,6
8288,11,6,5
8289,12,9,3
8290,13,11,2
8291,14,14,0
8292,15,7,8
8293,16,12,4
8294,17,13,4
8295,18,8,10
8296,19,3,16
8297,20,17,3
8298,1,16,15
8299,2,10,8
8300,3,5,2
8301,4,19,15
8302,5,18,13
8303,6,15,9
8304,7,1,6
8305,8,4,4
8306,9,2,7
8307,10,5,5
8308,11,10,1
8309,12,12,0
8310,13,14,1
8311,14,8,6
8312,15,7,8
8313,16,13,3
8314,17,9,8
8315,18,3,15
8316,19,17,2
8317,20,16,4
8318,1,11,10
8319,2,6,4
8320,3,19,16
8321,4,18,14
8322,5,15,10
8323,6,1,5
8324,7,4,3
8325,8,3,5
8326,9,5,4
8327,10,11,1
8328,11,13,2
8329,12,15,3
8330,13,8,5
8331,14,6,8
8332,15,14,1
8333,16,9,7
8334,17,2,15
8335,18,17,1
8336,19,16,3
8337,20,12,8
8338,1,7,6
8339,2,19,17
8340,3,18,15
8341,4,10,6
8342,5,1,4
8343,6,3,3
8344,7,4,3
8345,8,5,3
8346,9,11,2
8347,10,13,3
8348,11,16,5
8349,12,8,4
8350,13,6,7
8351,14,15,1
8352,15,9,6
8353,16,2,14
8354,17,17,0
8355,18,14,4
8356,19,12,7
8357,20,7,13
8358,1,19,18
8359,2,18,16
8360,3,10,7
8361,4,1,3
8362,5,3,2
8363,6,4,2
8364,7,5,2
8365,8,11,3
8366,9,13,4
8367,10,16,6
8368,11,8,3
8369,12,6,6
8370,13,15,2
8371,14,9,5
8372,15,2,13
8373,16,17,1
8374,17,14,3
8375,18,12,6
8376,19,7,12
8377,20,19,1
8378,1,18,17
8379,2,10,8
8380,3,2,1
8381,4,3,1
8382,5,4,1
8383,6,6,0
8384,7,11,4
8385,8,13,5
8386,9,16,7
8387,10,8,2
8388,11,5,6
8389,12,15,3
8390,13,9,4
8391,14,1,13
8392,15,17,2
8393,16,14,2
8394,17,12,5
8395,18,7,11
8396,19,19,0
8397,20,18,2
8398,1,10,9
8399,2,1,1
8400,3,3,0
8401,4,4,0
8402,5,6,1
8403,6,12,6
8404,7,14,7
8405,8,16,8
8406,9,8,1
8407,10,5,5
8408,11,15,4
8409,12,9,3
8410,13,2,11
8411,14,17,3
8412,15,10,5
8413,16,13,3
8414,17,7,10
8415,18,19,1
8416,19,18,1
8417,20,11,9
8418,2,1,1
8419,3,3,0
8420,4,4,0
8421,5,6,1
8422,6,13,7
8423,7,15,8
8424,8,16,8
8425,9,8,1
8426,10,5,5
8427,11,11,0
8428,12,9,3
8429,13,2,11
8430,14,18,4
8431,15,10,5
8432,16,14,2
8433,17,7,10
8434,18,19,1
8435,19,17,2
8436,20,12,8
8437,1,1,0
8438,1,3,2
8439,2,4,2
8440,3,6,3
8441,4,13,9
8442,5,15,10
8443,6,16,10
8444,7,8,1
8445,8,5,3
8446,9,11,2
8447,10,9,1
8448,11,2,9
8449,12,18,6
8450,13,10,3
8451,14,14,0
8452,15,7,8
8453,16,19,3
8454,17,17,0
8455,18,12,6
8456,19,1,18
8457,20,3,17
8458,1,4,3
8459,2,6,4
8460,3,13,10
8461,4,15,11
8462,5,16,11
8463,6,7,1
8464,7,5,2
8465,8,11,3
8466,9,9,0
8467,10,2,8
8468,11,18,7
8469,12,10,2
8470,13,14,1
8471,14,8,6
8472,15,19,4
8473,16,17,1
8474,17,12,5
8475,18,2,16
8476,19,3,16
8477,20,4,16
8478,1,6,5
8479,2,13,11
8480,3,15,12
8481,4,16,12
8482,5,7,2
8483,6,5,1
8484,7,11,4
8485,8,9,1
8486,9,1,8
8487,10,18,8
8488,11,10,1
8489,12,14,2
8490,13,8,5
8491,14,19,5
8492,15,17,2
8493,16,12,4
8494,17,1,16
8495,18,3,15
8496,19,4,15
8497,20,6,14
8498,1,13,12
8499,2,15,13
8500,3,16,13
8501,4,7,3
8502,5,5,0
8503,6,10,4
8504,7,9,2
8505,8,2,6
8506,9,18,9
8507,10,11,1
8508,11,14,3
8509,12,8,4
8510,13,19,6
8511,14,17,3
8512,15,12,3
8513,16,1,15
8514,17,3,14
8515,18,4,14
8516,19,6,13
8517,20,13,7
8518,1,15,14
8519,2,16,14
8520,3,7,4
8521,4,5,1
8522,5,10,5
8523,6,9,3
8524,7,2,5
8525,8,18,10
8526,9,11,2
8527,10,14,4
8528,11,8,3
8529,12,19,7
8530,13,17,4
8531,14,12,2
8532,15,1,14
8533,16,8,8
8534,17,2,15
8535,18,4,14
8536,19,5,14
8537,20,6,14
8538,1,9,8
8539,2,3,1
8540,3,7,4
8541,4,10,6
8562,5,1,4
8563,6,4,2
8564,7,3,4
8565,8,6,2
8566,9,8,1
8567,10,7,3
8568,11,10,1
8569,12,5,7
8570,13,2,11
8571,14,9,5
8582,5,1,4
8583,6,4,2
8584,7,3,4
8585,8,5,3
8586,9,8,1
8587,10,7,3
8588,11,10,1
8589,12,6,6
8590,13,2,11
8591,14,9,5
8592,15,1,14
8593,16,4,12
8594,17,3,14
8595,18,5,13
8596,19,8,11
8597,20,9,11
8642,8,1,7
8643,9,5,4
8644,10,3,7
8645,11,7,4
8646,12,6,6
8647,13,9,4
8648,14,10,4
8649,15,8,7
8650,16,2,14
8651,17,4,13
8662,8,1,7
8663,9,6,3
8664,10,3,7
8665,11,7,4
8666,12,5,7
8667,13,9,4
8668,14,10,4
8669,15,8,7
8670,16,2,14
8671,17,4,13
8672,18,1,17
8673,19,5,14
8674,20,3,17
8675,1,6,5
8676,2,7,5
8677,3,9,6
8678,4,10,6
8679,5,8,3
8680,6,2,4
8681,7,4,3
8682,8,1,7
8683,9,6,3
8684,10,3,7
8685,11,7,4
8686,12,5,7
8687,13,9,4
8688,14,10,4
8689,15,8,7
8690,16,2,14
8691,17,4,13
8692,18,1,17
8693,19,5,14
8694,20,4,16
8695,1,7,6
8696,2,6,4
8697,3,9,6
8698,4,10,6
8699,5,8,3
8700,6,2,4
8701,7,3,4
8702,8,1,7
8703,9,4,5
8704,10,5,5
8705,11,7,4
8706,12,6,6
8707,13,9,4
8708,14,10,4
8709,15,8,7
8710,16,2,14
8711,17,3,14
8712,18,1,17
8713,19,4,15
8714,20,5,15
8715,1,8,7
8716,2,6,4
8717,3,10,7
8718,4,9,5
8719,5,7,2
8720,6,2,4
8721,7,3,4
8722,8,1,7
8723,9,4,5
8724,10,5,5
8725,11,8,3
8726,12,6,6
8727,13,10,3
8728,14,9,5
8729,15,7,8
8730,16,2,14
8731,17,3,14
8732,18,1,17
8733,19,4,15
8734,20,5,15
8735,1,7,6
8736,2,6,4
8737,3,10,7
8738,4,9,5
8739,5,8,3
8740,6,2,4
8741,7,3,4
8752,18,1,17
8753,19,4,15
8754,20,5,15
8755,1,7,6
8756,2,6,4
8757,3,10,7
8758,4,9,5
8759,5,8,3
8760,6,2,4
8761,7,3,4
8762,8,1,7
8763,9,3,6
8764,10,5,5
8765,11,8,3
8766,12,6,6
8767,13,10,3
8768,14,9,5
8769,15,7,8
8770,16,2,14
8771,17,4,13
8772,18,1,17
8773,19,2,17
8774,20,3,17
8775,1,4,3
8776,2,5,3
8777,3,6,3
8778,4,7,3
8779,5,8,3
8780,6,9,3
8781,7,10,3
8782,8,11,3
8783,9,12,3
8784,10,13,3
8785,11,14,3
8786,12,18,6
8787,13,15,2
8788,14,16,2
8789,15,17,2
8790,16,19,3
8791,17,20,3
8792,18,2,16
8793,19,1,18
8794,20,4,16
8795,1,3,2
8796,2,5,3
8797,3,7,4
8798,4,9,5
8799,5,11,6
8800,6,12,6
8801,7,8,1
8802,8,14,6
8803,9,6,3
8804,10,17,7
8805,11,15,4
8806,12,13,1
8807,13,16,3
8808,14,18,4
8809,15,19,4
8810,16,10,6
8811,17,20,3
8812,18,2,16
8813,19,1,18
8814,20,5,15
8815,1,3,2
8816,2,6,4
8817,3,9,6
8818,4,10,6
8819,5,12,7
8820,6,13,7
8821,7,7,0
8822,8,15,7
8823,9,8,1
8824,10,17,7
8825,11,4,7
8826,12,14,2
8827,13,16,3
8828,14,19,5
8829,15,18,3
8830,16,11,5
8831,17,20,3
8832,18,3,15
8833,19,1,18
8834,1,7,6
8835,2,2,0
8836,3,8,5
8837,4,5,1
8838,5,12,7
8839,6,11,5
8840,7,14,7
8841,8,9,1
8842,9,13,4
8843,10,4,6
8844,11,17,6
8845,12,6,6
8846,13,15,2
8847,14,16,2
8848,15,20,5
8849,16,18,2
8850,17,10,7
8851,18,19,1
8852,19,4,15
8853,20,1,19
8854,1,8,7
8855,2,3,1
8856,3,5,2
8857,4,6,2
8858,5,13,8
8859,6,12,6
8860,7,14,7
8861,8,9,1
8862,9,10,1
8863,10,2,8
8864,11,18,7
8865,12,7,5
8866,13,15,2
8867,14,17,3
8868,15,20,5
8869,16,19,3
8870,17,11,6
8871,18,16,2
8872,19,4,15
8873,20,1,19
8874,1,9,8
8875,2,3,1
8876,3,6,3
8877,4,7,3
8878,5,10,5
8879,6,12,6
8880,7,15,8
8881,8,5,3
8882,9,11,2
8883,10,2,8
8884,11,19,8
8885,12,8,4
8886,13,14,1
8887,14,18,4
8888,15,20,5
8889,16,16,0
8890,17,13,4
8891,18,17,1
8892,19,3,16
8893,20,1,19
8894,1,9,8
8895,2,4,2
8896,3,7,4
8897,4,5,1
8898,5,10,5
8899,6,12,6
8900,7,15,8
8901,8,6,2
8902,9,11,2
8903,10,2,8
8904,11,19,8
8905,12,8,4
8906,13,16,3
8907,14,18,4
8908,15,20,5
8909,16,17,1
8910,17,14,3
8911,18,13,5
8912,19,3,16
8913,20,1,19
8914,1,10,9
8915,2,4,2
8916,3,7,4
8917,4,5,1
8918,5,8,3
8919,6,12,6
8920,7,16,9
8921,8,6,2
8922,9,11,2
8923,10,2,8
8924,11,19,8
8925,12,9,3
8926,13,17,4
8927,14,13,1
8928,15,20,5
8929,16,18,2
8930,17,15,2
8931,18,14,4
8932,19,3,16
8933,20,1,19
8934,1,10,9
8935,2,4,2
8936,3,6,3
8937,4,5,1
8938,5,8,3
8939,6,12,6
8940,7,16,9
8941,8,7,1
8942,9,11,2
8943,10,2,8
8944,11,19,8
8945,12,9,3
8946,13,17,4
8947,14,13,1
8948,15,20,5
8949,16,18,2
8950,17,15,2
8951,18,14,4
8952,19,3,16
8953,20,1,19
8954,1,10,9
8955,2,4,2
8956,3,5,2
8957,4,6,2
8958,5,7,2
8959,6,12,6
8960,7,16,9
8961,8,8,0
8962,9,11,2
8963,10,2,8
8964,11,19,8
8965,12,9,3
8966,13,17,4
8967,14,13,1
8968,15,20,5
8969,16,18,2
8970,17,15,2
8971,18,14,4
8972,19,3,16
8973,20,1,19
8974,1,10,9
8975,2,4,2
8976,3,5,2
8977,4,6,2
8978,5,7,2
8979,6,12,6
8980,7,16,9
8981,8,8,0
8982,9,11,2
8983,10,2,8
8984,11,19,8
8985,12,9,3
8986,13,17,4
8987,14,13,1
8988,15,20,5
8989,16,18,2
8990,17,15,2
8991,18,14,4
8992,19,3,16
8993,20,1,19
8994,1,10,9
8995,2,4,2
8996,3,6,3
8997,4,5,1
8998,5,7,2
8999,6,12,6
9000,7,16,9
9001,8,8,0
9002,9,11,2
9003,10,2,8
9004,11,19,8
9005,12,9,3
9006,13,17,4
9007,14,13,1
9008,15,20,5
9009,16,18,2
9010,17,15,2
9011,18,14,4
9012,19,2,17
9013,20,1,19
9014,1,12,11
9015,2,4,2
9016,3,6,3
9017,4,5,1
9018,5,7,2
9019,6,14,8
9020,7,16,9
9021,8,8,0
9022,9,13,4
9023,10,3,7
9024,11,19,8
9025,12,10,2
9026,13,17,4
9027,14,11,3
9028,15,20,5
9029,16,18,2
9030,17,15,2
9031,18,9,9
9032,19,2,17
9033,20,1,19
9034,12,12,0
9035,22,4,18
9036,1,6,5
9037,2,5,3
9038,3,7,4
9039,4,14,10
9040,5,16,11
9041,6,8,2
9042,7,13,6
9043,8,3,5
9044,9,19,10
9045,10,10,0
9046,11,17,6
9047,12,11,1
9048,13,20,7
9049,14,18,4
9050,15,15,0
9051,16,9,7
9112,17,3,14
9113,18,1,17
9114,19,12,7
9115,20,4,16
9116,1,6,5
9117,2,5,3
9118,3,7,4
9119,4,14,10
9120,5,16,11
9121,6,8,2
9122,7,13,6
9123,8,2,6
9124,9,19,10
9125,10,9,1
9126,11,17,6
9127,12,11,1
9128,13,20,7
9129,14,18,4
9130,15,15,0
9131,16,10,6
9132,17,3,14
9133,18,1,17
9134,19,12,7
9135,20,4,16
9136,1,7,6
9137,2,5,3
9138,3,6,3
9139,4,14,10
9140,5,16,11
9141,6,8,2
9142,7,13,6
9143,8,2,6
9144,9,19,10
9145,10,9,1
9146,11,17,6
9147,12,11,1
9148,13,20,7
9149,14,18,4
9150,15,15,0
9151,16,10,6
9152,17,1,16
9153,18,2,16
9154,19,3,16
9155,20,4,16
9156,1,5,4
9157,2,6,4
9158,3,7,4
9159,4,8,4
9160,5,9,4
9161,6,10,4
9162,7,11,4
9163,8,12,4
9164,9,13,4
9165,10,14,4
9166,11,15,4
9167,12,16,4
9168,13,17,4
9169,14,18,4
9170,15,1,14
9171,16,2,14
9172,17,3,14
9173,18,5,13
9174,19,4,15
9175,20,6,14
9176,1,13,12
9177,2,11,9
9178,3,8,5
9179,4,9,5
9180,5,14,9
9181,6,7,1
9182,7,15,8
9183,8,10,2
9184,9,12,3
9185,10,17,7
9186,11,18,7
9187,12,16,4
9188,13,1,12
9189,14,2,12
9190,15,3,12
9191,16,4,12
9192,17,5,12
9193,18,9,9
9194,19,14,5
9195,20,6,14
9225,13,2,11
9224,12,1,11
9223,11,18,7
9222,10,10,0
9221,9,16,7
9220,8,12,4
9219,7,7,0
9218,6,14,8
9217,5,11,6
9216,4,15,11
9215,3,8,5
9214,2,13,11
9213,1,6,5
9226,14,3,11
9227,15,4,11
9228,16,5,11
9229,17,11,6
9230,18,12,6
9231,19,6,13
9232,20,15,5
9233,1,9,8
9234,2,10,8
9235,3,14,11
9236,4,16,12
9237,5,8,3
9238,6,7,1
9239,7,17,10
9240,8,13,5
9241,9,18,9
9242,10,1,9
9243,11,2,9
9244,12,4,8
9245,13,5,8
9246,14,3,11
9247,15,14,1
9248,16,7,9
9249,17,6,11
9250,18,9,9
9251,19,11,8
9252,20,12,8
9253,1,16,15
9254,2,17,15
9255,3,10,7
9256,4,8,4
9257,5,18,13
9258,6,15,9
9259,7,13,6
9260,8,1,7
9261,9,2,7
9262,10,3,7
9263,11,5,6
9264,12,4,8
9265,13,14,1
9266,14,7,7
9267,15,6,9
9268,16,9,7
9269,17,11,6
9270,18,13,5
9271,19,16,3
9272,20,17,3
9273,1,10,9
9274,2,8,6
9275,3,18,15
9276,4,15,11
9277,5,12,7
9278,6,1,5
9279,7,2,5
9280,8,4,4
9281,9,5,4
9282,10,3,7
9283,11,14,3
9284,12,9,3
9285,13,8,5
9286,14,10,4
9287,15,11,4
9288,16,13,3
9289,17,16,1
9290,18,17,1
9291,19,6,13
9292,20,7,13
9293,1,18,17
9294,2,15,13
9295,3,12,9
9296,4,1,3
9297,5,2,3
9298,6,4,2
9299,7,5,2
9300,8,3,5
9301,9,14,5
9302,10,9,1
9303,11,8,3
9304,12,10,2
9305,13,11,2
9306,14,13,1
9307,15,16,1
9308,16,17,1
9309,17,6,11
9310,18,7,11
9311,19,18,1
9312,20,15,5
9313,1,12,11
9314,2,1,1
9315,3,2,1
9316,4,4,0
9317,5,5,0
9318,6,3,3
9319,7,14,7
9320,8,9,1
9321,9,8,1
9322,10,10,0
9323,11,11,0
9324,12,13,1
9325,13,16,3
9326,14,17,3
9327,15,7,8
9328,16,6,10
9329,17,18,1
9330,18,15,3
9331,19,12,7
9332,20,1,19
9333,1,2,1
9334,2,4,2
9335,3,6,3
9336,4,3,1
9337,5,14,9
9338,6,9,3
9339,7,8,1
9340,8,10,2
9341,9,11,2
9342,10,13,3
9343,11,16,5
9344,12,17,5
9345,13,7,6
9346,14,5,9
9347,15,18,3
9348,16,15,1
9349,17,12,5
9350,18,1,17
9351,19,2,17
9352,20,5,15
9353,1,4,3
9354,2,3,1
9355,3,14,11
9356,4,9,5
9357,5,8,3
9358,6,10,4
9359,7,11,4
9360,8,13,5
9361,9,16,7
9362,10,17,7
9363,11,7,4
9364,12,6,6
9365,13,18,5
9366,14,15,1
9367,15,12,3
9368,16,1,15
9369,17,2,15
9370,18,6,12
9371,19,4,15
9372,20,3,17
9373,1,14,13
9374,2,9,7
9375,3,8,5
9376,4,10,6
9377,5,11,6
9378,6,13,7
9379,7,15,8
9380,8,17,9
9381,9,7,2
9382,10,5,5
9383,11,18,7
9384,12,16,4
9385,13,12,1
9386,14,1,13
9387,15,2,13
9388,16,6,10
9389,17,4,13
9390,18,3,15
9391,19,14,5
9392,20,9,11
9393,1,8,7
9394,2,10,8
9395,3,11,8
9396,4,13,9
9397,5,15,10
9398,6,17,11
9399,7,7,0
9400,8,5,3
9401,9,18,9
9402,10,16,6
9403,11,12,1
9404,12,1,11
9405,13,2,11
9406,14,6,8
9407,15,4,11
9408,16,3,13
9409,17,15,2
9410,18,9,9
9411,19,8,11
9412,20,10,10
9413,1,11,10
9414,2,14,12
9415,3,13,10
9416,4,17,13
9417,5,7,2
9418,6,5,1
9419,7,18,11
9420,8,16,8
9421,9,12,3
9422,10,1,9
9423,11,2,9
9424,12,4,8
9425,13,5,8
9426,14,3,11
9427,15,15,0
9428,16,9,7
9429,17,8,9
9430,18,10,8
9431,19,11,8
9432,20,14,6
9433,1,13,12
9434,2,17,15
9435,3,7,4
9436,4,6,2
9437,5,18,13
9438,6,16,10
9439,7,12,5
9440,8,1,7
9441,9,2,7
9442,10,3,7
9443,11,4,7
9444,12,5,7
9445,13,6,7
9446,14,7,7
9447,15,8,7
9448,16,9,7
9449,17,10,7
9450,18,11,7
9451,19,12,7
9452,20,13,7
9453,1,2,1
9454,2,1,1
9455,3,4,1
9456,4,6,2
9457,5,3,2
9458,6,5,1
9459,7,7,0
9460,8,11,3
9461,9,10,1
9462,10,8,2
9463,11,12,1
9464,12,13,1
9465,13,14,1
9466,14,9,5
9467,15,15,0
9468,16,1,15
9469,17,2,15
9470,18,4,14
9471,19,8,11
9472,20,3,17
9473,1,7,6
9474,2,10,8
9475,3,12,9
9476,4,6,2
9477,5,5,0
9478,6,13,7
9479,7,15,8
9480,8,14,6
9481,9,11,2
9482,10,9,1
9483,11,1,10
9484,12,2,10
9485,13,4,9
9486,14,9,5
9487,15,3,12
9488,16,7,9
9489,17,8,9
9490,18,13,5
9491,19,6,13
9492,20,5,15
9493,1,14,13
9494,2,15,13
9495,3,11,8
9496,4,12,8
9497,5,10,5
9498,6,1,5
9499,7,2,5
9500,8,4,4
9501,9,9,0
9502,10,3,7
9503,11,7,4
9504,12,8,4
9505,13,13,0
9506,14,6,8
9507,15,5,10
9508,16,14,2
9509,17,15,2
9510,18,11,7
9511,19,12,7
9512,20,10,10
9513,1,2,1
9514,2,1,1
9515,3,4,1
9516,4,7,3
9517,5,3,2
9518,6,9,3
9519,7,8,1
9520,8,13,5
9521,9,6,3
9522,10,5,5
9523,11,14,3
9524,12,15,3
9525,13,11,2
9526,14,12,2
9527,15,10,5
9528,16,2,14
9529,17,1,16
9530,18,4,14
9531,19,6,13
9532,20,3,17
9533,1,9,8
9534,2,8,6
9535,3,13,10
9536,4,5,1
9537,5,7,2
9538,6,14,8
9539,7,15,8
9540,8,11,3
9541,9,12,3
9542,10,10,0
9543,11,2,9
9544,12,1,11
9545,13,4,9
9546,14,7,7
9547,15,3,12
9548,16,9,7
9549,17,5,12
9550,18,13,5
9551,19,6,13
9552,20,8,12
9553,1,14,13
9554,2,15,13
9555,3,12,9
9556,4,11,7
9557,5,10,5
9558,6,2,4
9559,7,1,6
9560,8,4,4
9561,9,6,3
9562,10,3,7
9563,11,9,2
9564,12,5,7
9565,13,13,0
9566,14,7,7
9567,15,8,7
9568,16,15,1
9569,17,14,3
9570,18,12,6
9571,19,11,8
9572,20,10,10
9573,1,2,1
9574,2,1,1
9575,3,4,1
9576,4,5,1
9577,5,3,2
9578,6,9,3
9579,7,6,1
9580,8,13,5
9581,9,7,2
9582,10,8,2
9583,11,15,4
9584,12,14,2
9585,13,12,1
9586,14,11,3
9587,15,10,5
9588,16,3,13
9589,17,1,16
9590,18,4,14
9591,19,5,14
9592,20,2,18
9593,1,9,8
9594,2,6,4
9595,3,13,10
9596,4,7,3
9597,5,8,3
9598,6,15,9
9599,7,14,7
9600,8,12,4
9601,9,11,2
9602,10,10,0
9603,11,16,5
9604,12,2,10
9605,13,1,12
9606,14,4,10
9607,16,5,11
9608,17,3,14
9609,18,9,9
9610,19,6,13
9611,20,13,7
9612,15,7,8
9613,1,8,7
9614,2,15,13
9615,3,14,11
9616,4,12,8
9617,5,11,6
9618,6,10,4
9619,7,16,9
9620,8,2,6
9621,9,1,8
9622,10,4,6
9623,11,5,6
9624,12,3,9
9625,13,9,4
9626,14,6,8
9627,15,13,2
9628,16,7,9
9629,17,8,9
9630,18,15,3
9631,19,14,5
9632,20,12,8
9633,1,10,9
9634,2,11,9
9635,3,16,13
9636,4,2,2
9637,5,1,4
9638,6,4,2
9639,7,5,2
9640,8,3,5
9641,9,10,1
9642,10,8,2
9643,11,13,2
9644,12,6,6
9645,13,7,6
9646,14,15,1
9647,15,14,1
9648,16,12,4
9649,17,9,8
9650,18,11,7
9651,19,16,3
9652,20,2,18
9653,1,1,0
9654,2,4,2
9655,3,5,2
9656,4,3,1
9657,5,10,5
9658,6,8,2
9659,7,13,6
9660,8,6,2
9661,9,7,2
9662,10,15,5
9663,11,14,3
9664,12,12,0
9665,13,9,4
9666,14,11,3
9667,15,16,1
9668,16,2,14
9669,17,1,16
9670,18,4,14
9671,19,5,14
9672,20,3,17
9673,1,10,9
9674,2,6,4
9675,3,12,9
9676,4,7,3
9677,5,8,3
9678,6,15,9
9679,7,14,7
9680,8,13,5
9681,9,9,0
9682,10,11,1
9683,11,16,5
9684,12,1,11
9685,13,3,10
9686,14,2,12
9687,15,4,11
9688,16,5,11
9689,17,6,11
9690,18,7,11
9691,19,8,11
9692,20,9,11
9693,1,10,9
9694,2,11,9
9695,3,12,9
9696,4,13,9
9697,5,2,3
9698,6,1,5
9699,7,3,4
9700,8,6,2
9701,9,5,4
9702,10,8,2
9703,11,7,4
9704,12,10,2
9705,13,4,9
9706,14,11,3
9707,15,9,6
9708,16,12,4
9709,17,13,4
9710,18,1,17
9711,19,3,16
9712,20,5,15
9713,1,7,6
9714,2,4,2
9715,3,8,5
9716,4,9,5
9717,5,6,1
9718,6,2,4
9719,7,11,4
9720,8,10,2
9721,9,12,3
9722,10,13,3
9723,11,2,9
9724,12,3,9
9725,13,4,9
9726,14,7,7
9727,15,5,10
9728,16,8,8
9729,17,9,8
9730,18,6,12
9731,19,1,18
9732,20,12,8
9733,1,10,9
9734,2,11,9
9735,3,13,10
9736,4,2,2
9737,5,3,2
9738,6,4,2
9739,7,7,0
9740,8,6,2
9741,9,8,1
9742,10,9,1
9743,11,5,6
9744,12,1,11
9745,13,12,1
9746,14,10,4
9747,15,11,4
9748,16,13,3
9749,17,1,16
9750,18,3,15
9751,19,4,15
9752,20,7,13
9753,1,6,5
9754,2,8,6
9755,3,9,6
9756,4,5,1
9757,5,2,3
9758,6,12,6
9759,7,10,3
9760,8,11,3
9761,9,13,4
9775,3,1,2
9776,4,3,1
9777,5,4,1
9778,6,7,1
9779,7,6,1
9780,8,8,0
9781,9,9,0
9782,10,5,5
9783,11,2,9
9784,12,12,0
9785,13,10,3
9786,14,11,3
9787,15,13,2
9788,16,1,15
9789,17,3,14
9790,18,4,14
9791,19,7,12
9792,20,6,14
9793,1,8,7
9794,2,9,7
9795,3,5,2
9796,4,2,2
9797,5,12,7
9798,6,10,4
9799,7,11,4
9800,8,13,5
9801,9,1,8
9802,10,3,7
9803,11,4,7
9804,12,7,5
9805,13,6,7
9806,14,8,6
9807,15,9,6
9808,16,5,11
9809,17,2,15
9810,18,12,6
9811,19,11,8
9812,20,10,10
9813,1,13,12
9814,2,1,1
9815,3,3,0
9816,4,4,0
9817,5,7,2
9818,6,6,0
9819,7,8,1
9820,8,9,1
9821,9,5,4
9822,10,2,8
9823,11,12,1
9824,12,10,2
9825,13,11,2
9826,14,13,1
9827,15,1,14
9828,16,3,13
9829,17,4,13
9830,18,7,11
9831,19,6,13
9832,20,8,12
9833,1,9,8
9834,2,5,3
9835,3,2,1
9836,4,12,8
9837,5,10,5
9838,6,11,5
9839,7,13,6
9840,8,1,7
9841,9,3,6
9842,10,4,6
9843,11,7,4
9844,12,6,6
9845,13,9,4
9846,14,10,4
9847,15,5,10
9848,16,2,14
9849,17,12,5
9850,18,8,10
9851,19,11,8
9852,20,13,7
9853,1,1,0
9854,2,3,1
9855,3,5,2
9856,4,8,4
9857,5,6,1
9858,6,9,3
9859,7,10,3
9860,8,4,4
9861,9,2,7
9862,10,12,2
9863,11,7,4
9864,12,11,1
9865,13,13,0
9866,14,14,0
9867,15,1,14
9868,16,3,13
9869,17,5,12
9870,18,8,10
9871,19,6,13
9872,20,9,11
9873,1,10,9
9874,2,4,2
9875,3,2,1
9876,4,12,8
9877,5,7,2
9878,6,11,5
9879,7,13,6
9880,8,14,6
9881,9,1,8
9882,10,3,7
9883,11,5,6
9884,12,8,4
9885,13,6,7
9886,14,9,5
9887,15,10,5
9888,16,4,12
9889,17,2,15
9890,18,13,5
9891,19,7,12
9892,20,11,9
9893,1,12,11
9894,2,14,12
9895,3,1,2
9896,4,3,1
9897,5,5,0
9898,6,7,1
9899,7,6,1
9900,8,9,1
9901,9,10,1
9902,10,4,6
9903,11,2,9
9904,12,13,1
9905,13,8,5
9906,14,11,3
9907,15,12,3
9908,16,14,2
9909,17,1,16
9910,18,2,16
9911,19,3,16
9912,20,4,16
9913,1,5,4
9914,2,6,4
9915,3,7,4
9916,4,8,4
9917,5,9,4
9918,6,10,4
9919,7,11,4
9920,8,12,4
9921,9,13,4
9922,10,14,4
9923,11,3,8
9924,12,2,10
9925,13,1,12
9926,14,4,10
9927,15,7,8
9928,16,6,10
9929,17,9,8
9930,18,10,8
9931,19,8,11
9932,20,11,9
9933,1,13,12
9934,2,5,3
9935,3,12,9
9936,4,14,10
9937,5,15,10
9938,6,3,3
9939,7,2,5
9940,8,1,7
9941,9,4,5
9942,10,8,2
9943,11,7,4
9944,12,11,1
9945,13,5,8
9946,14,10,4
9947,15,12,3
9948,16,13,3
9949,17,6,11
9950,18,9,9
9951,19,14,5
9952,20,15,5
9953,1,3,2
9954,2,2,0
9955,3,1,2
9956,4,4,0
9957,5,6,1
9958,6,8,2
9959,7,11,4
9960,8,5,3
9961,9,10,1
9962,10,13,3
9963,11,15,4
9964,12,7,5
9965,13,9,4
9966,14,16,2
9967,15,12,3
9968,16,14,2
9969,17,3,14
9970,18,1,17
9971,19,2,17
9972,20,4,16
9973,1,7,6
9974,2,8,6
9975,3,11,8
9976,4,6,2
9977,5,10,5
9978,6,12,6
9979,7,15,8
9980,8,5,3
9981,9,9,0
9982,10,16,6
9983,11,13,2
9984,12,14,2
10017,5,3,2
10018,6,1,5
10019,7,2,5
10020,8,5,3
10021,9,7,2
10022,10,8,2
10023,11,12,1
10024,12,6,6
10025,13,11,2
10026,14,10,4
10027,15,15,0
10028,16,4,12
10029,17,9,8
10030,18,16,2
10031,19,13,6
10032,20,14,6
10049,17,3,14
10050,18,1,17
10051,19,2,17
10052,20,5,15
10053,1,8,7
10054,2,9,7
10055,3,11,8
10056,4,7,3
10057,5,12,7
10058,6,10,4
10059,7,15,8
10060,8,4,4
10061,9,6,3
10062,10,16,6
10063,11,13,2
10064,12,14,2
10065,13,2,11
10066,14,1,13
10067,15,3,12
10068,16,5,11
10069,17,7,10
10070,18,9,9
10071,19,11,8
10072,20,8,12
10073,1,12,11
10074,2,10,8
10075,3,15,12
10076,4,4,0
10077,5,6,1
10078,6,16,10
10079,7,13,6
10080,8,14,6
10081,9,2,7
10082,10,1,9
10083,11,3,8
10084,12,5,7
10085,13,7,6
10086,14,9,5
10087,15,11,4
10088,16,8,8
10089,17,12,5
10090,18,10,8
10091,19,13,6
10092,20,4,16
10093,1,6,5
10094,2,16,14
10095,3,14,11
10096,4,15,11
10097,5,2,3
10098,6,1,5
10099,7,3,4
10100,8,6,2
10101,9,7,2
10102,10,9,1
10103,11,12,1
10104,12,8,4
10105,13,11,2
10106,14,10,4
10107,15,13,2
10108,16,4,12
10109,17,5,12
10110,18,16,2
10111,19,14,5
10112,20,15,5
10113,1,2,1
10114,2,1,1
10115,3,3,0
10116,4,6,2
10117,5,7,2
10118,6,9,3
10119,7,12,5
10120,8,8,0
10121,9,11,2
10122,10,10,0
10123,11,13,2
10124,12,4,8
10125,13,5,8
10126,14,16,2
10127,15,14,1
10128,16,15,1
10129,17,1,16
10130,18,2,16
10131,19,3,16
10132,1,6,5
10133,2,7,5
10134,3,9,6
10135,4,12,8
10136,5,8,3
10137,6,11,5
10138,7,10,3
10139,8,13,5
10140,9,4,5
10141,10,5,5
10142,11,16,5
10143,12,14,2
10144,13,15,2
10145,14,17,3
10146,15,1,14
10147,16,2,14
10148,17,3,14
10149,18,6,12
10150,19,7,12
10151,20,9,11
10152,1,12,11
10153,2,8,6
10154,3,11,8
10155,4,10,6
10156,5,13,8
10157,6,4,2
10158,7,5,2
10159,8,16,8
10160,9,14,5
10161,10,15,5
10162,11,17,6
10163,12,1,11
10164,13,2,11
10165,14,3,11
10166,15,6,9
10167,16,7,9
10168,17,9,8
10169,18,12,6
10170,19,8,11
10171,20,11,9
10172,1,10,9
10173,2,13,11
10174,3,4,1
10175,4,5,1
10176,5,16,11
10177,6,14,8
10178,7,15,8
10179,8,17,9
10180,9,1,8
10181,10,2,8
10182,11,3,8
10183,12,6,6
10184,13,8,5
10185,14,9,5
10186,15,12,3
10187,16,7,9
10188,17,11,6
10189,18,10,8
10190,19,13,6
10191,20,4,16
10192,1,5,4
10193,2,16,14
10194,3,14,11
10195,4,15,11
10196,5,17,12
10197,6,1,5
10198,7,2,5
10199,8,4,4
10200,9,7,2
10201,10,6,4
10202,11,9,2
10203,12,13,1
10204,13,8,5
10205,14,10,4
10206,15,12,3
10207,16,11,5
10208,17,3,14
10209,18,5,13
10210,19,16,3
10211,20,14,6
10212,1,15,14
10213,2,17,15
10214,3,1,2
10215,4,2,2
10216,5,3,2
10217,6,4,2
10218,7,5,2
10219,8,6,2
10220,9,7,2
10221,10,8,2
10222,11,9,2
10223,12,10,2
10224,13,11,2
10225,14,12,2
10226,15,13,2
10227,16,1,15
10228,17,2,15
10229,18,5,13
10230,19,4,15
10231,20,3,17
10232,1,7,6
10233,2,9,7
10234,3,6,3
10235,4,13,9
10236,5,11,6
10237,6,15,9
10238,7,8,1
10239,8,10,2
10240,9,12,3
10241,10,14,4
10242,11,1,10
10243,12,4,8
10244,13,5,8
10245,14,6,8
10246,15,3,12
10247,16,9,7
10248,17,10,7
10249,18,7,11
10250,19,12,7
10251,20,2,18
10252,1,15,14
10253,2,8,6
10254,3,11,8
10255,4,13,9
10256,5,14,9
10272,1,1,0
10273,2,5,3
10274,3,4,1
10275,4,6,2
10276,5,3,2
10277,6,7,1
10278,7,11,4
10279,8,8,0
10280,9,12,3
10281,10,2,8
10282,11,15,4
10283,12,9,3
10284,13,10,3
10285,14,13,1
10286,15,14,1
10287,16,1,15
10288,17,5,12
10289,18,4,14
10290,19,6,13
10291,20,3,17
10292,1,7,6
10293,2,11,9
10294,3,8,5
10295,4,12,8
10296,5,2,3
10297,6,13,7
10298,7,9,2
10299,8,10,2
10300,9,14,5
10301,10,15,5
10302,11,1,10
10303,12,5,7
10304,13,4,9
10305,14,6,8
10306,15,3,12
10307,16,8,8
10308,17,12,5
10309,18,9,9
10310,19,13,6
10311,20,2,18
10312,1,10,9
10313,2,7,5
10314,3,11,8
10315,4,15,11
10316,5,14,9
10317,6,1,5
10318,7,5,2
10319,8,4,4
10320,9,7,2
10321,10,3,7
10322,11,9,2
10323,12,13,1
10324,13,10,3
10325,14,6,8
10326,15,2,13
10327,16,11,5
10328,17,8,9
10329,18,12,6
10330,19,15,4
10331,20,14,6
10332,1,1,0
10333,2,6,4
10334,3,2,1
10335,4,7,3
10336,5,5,0
10337,6,9,3
10338,7,13,6
10339,8,10,2
10340,9,4,5
10341,10,3,7
10342,11,11,0
10343,12,8,4
10344,13,12,1
10345,14,15,1
10346,15,14,1
10347,16,1,15
10348,17,4,13
10349,18,3,15
10350,19,7,12
10351,20,6,14
10352,1,9,8
10353,2,14,12
10354,3,10,7
10355,4,5,1
10356,5,2,3
10357,6,11,5
10358,7,8,1
10359,8,12,4
10360,9,15,6
10361,10,13,3
10362,11,1,10
10363,12,5,7
10364,13,3,10
10365,14,8,6
10366,15,4,11
10367,16,9,7
10368,17,14,3
10369,18,10,8
10370,19,6,13
10371,20,2,18
10372,1,11,10
10373,2,7,5
10374,3,12,9
10375,4,15,11
10376,5,13,8
10377,6,1,5
10378,7,5,2
10379,8,2,6
10380,9,8,1
10381,10,4,6
10382,11,9,2
10383,12,14,2
10384,13,10,3
10385,14,6,8
10386,15,3,12
10387,16,11,5
10388,17,7,10
10389,18,12,6
10390,19,15,4
10391,20,13,7
10392,1,1,0
10393,2,6,4
10394,3,3,0
10395,4,8,4
10396,5,4,1
10397,6,9,3
10398,7,14,7
10399,8,10,2
10400,9,5,4
10401,10,2,8
10402,11,11,0
10403,12,7,5
10404,13,12,1
10405,14,15,1
10406,15,13,2
10407,16,1,15
10408,17,6,11
10409,18,2,16
10410,19,8,11
10411,20,4,16
10412,1,9,8
10413,2,14,12
10414,3,10,7
10415,4,5,1
10416,5,3,2
10417,6,11,5
10418,7,7,0
10419,8,12,4
10420,9,15,6
10421,10,13,3
10437,6,1,5
10438,7,6,1
10439,8,3,5
10440,9,8,1
10441,10,4,6
10442,11,9,2
10443,12,14,2
10444,13,10,3
10445,14,5,9
10446,15,2,13
10447,16,11,5
10448,17,7,10
10449,18,13,5
10450,19,15,4
10451,20,12,8
10452,1,1,0
10453,2,6,4
10454,3,3,0
10455,4,8,4
10456,5,5,0
10457,6,9,3
10458,7,14,7
10459,8,10,2
10460,9,4,5
10461,10,2,8
10462,11,11,0
10463,12,7,5
10464,13,13,0
10465,14,15,1
10466,15,12,3
10467,16,1,15
10468,17,6,11
10469,18,3,15
10470,19,8,11
10471,20,5,15
10472,1,9,8
10473,2,14,12
10474,3,10,7
10475,4,4,0
10476,5,2,3
10477,6,11,5
10478,7,7,0
10479,8,13,5
10480,9,15,6
10481,10,12,2
10482,11,1,10
10483,12,2,10
10484,13,3,10
10485,14,4,10
10486,15,5,10
10487,16,6,10
10488,17,7,10
10489,18,8,10
10490,19,9,10
10491,20,10,10
10492,1,11,10
10493,2,12,10
10494,3,13,10
10495,4,14,10
10496,5,15,10
10497,6,2,4
10498,7,1,6
10499,8,4,4
10500,9,3,6
10501,10,5,5
10502,11,7,4
10503,12,10,2
10504,13,9,4
10505,14,11,3
10506,15,6,9
10507,16,12,4
10508,17,13,4
10509,18,8,10
10510,19,14,5
10511,20,15,5
10512,1,2,1
10513,2,1,1
10514,3,5,2
10515,4,4,0
10516,5,6,1
10517,6,3,3
10518,7,10,3
10519,8,9,1
10520,9,11,2
10521,10,7,3
10522,11,13,2
10523,12,14,2
10524,13,8,5
10525,14,12,2
10526,15,15,0
10527,16,4,12
10528,17,2,15
10529,18,5,13
10530,19,1,18
10531,20,6,14
10532,1,3,2
10533,2,10,8
10534,3,9,6
10535,4,13,9
10536,5,7,2
10537,6,14,8
10538,7,12,5
10539,8,8,0
10540,9,11,2
10541,10,15,5
10542,11,3,8
10543,12,4,8
10544,13,5,8
10545,14,1,13
10546,15,6,9
10547,16,2,14
10548,17,11,6
10549,18,7,11
10550,19,13,6
10551,20,9,11
10552,1,14,13
10553,2,12,10
10554,3,10,7
10555,4,8,4
10556,5,15,10
10557,6,3,3
10558,7,5,2
10559,8,4,4
10560,9,2,7
10561,10,6,4
10562,11,1,10
10563,12,10,2
10564,13,7,6
10565,14,12,2
10566,15,8,7
10567,16,14,2
10568,17,13,4
10569,18,11,7
10570,19,9,10
10571,20,15,5
10572,1,4,3
10573,2,5,3
10574,3,2,1
10575,4,3,1
10576,5,7,2
10577,6,1,5
10578,7,11,4
10579,8,6,2
10580,9,8,1
10581,10,9,1
10582,11,14,3
10583,12,13,1
10584,13,12,1
10585,14,10,4
10586,15,15,0
10587,16,4,12
10588,17,5,12
10589,18,3,15
10590,19,2,17
10591,20,7,13
10592,1,1,0
10593,2,11,9
10594,3,6,3
10595,4,8,4
10596,5,10,5
10597,6,14,8
10598,7,13,6
10599,8,12,4
10600,9,9,0
10601,10,15,5
10602,11,4,7
10603,12,5,7
10604,13,3,10
10605,14,2,12
10606,15,8,7
10607,16,1,15
10608,17,11,6
10609,18,6,12
10610,19,7,12
10611,20,10,10
10612,1,14,13
10613,2,13,11
10614,3,12,9
10615,4,9,5
10616,5,15,10
10617,6,16,10
10618,7,3,4
10619,8,5,3
10620,9,4,5
10621,10,1,9
10622,11,9,2
10623,12,2,10
10624,13,11,2
10625,14,6,8
10626,15,8,7
10627,16,10,6
10628,17,14,3
10629,18,13,5
10630,19,12,7
10631,20,7,13
10632,1,15,14
10633,2,16,14
10634,3,3,0
10635,4,5,1
10636,5,4,1
10637,6,2,4
10638,7,9,2
10639,8,1,7
10640,9,12,3
10641,10,6,4
10642,11,8,3
10643,12,10,2
10644,13,16,3
10645,14,13,1
10646,15,11,4
10647,16,7,9
10648,17,14,3
10649,18,15,3
10650,19,3,16
10651,20,5,15
10652,1,4,3
10653,2,1,1
10654,3,9,6
10655,4,2,2
10656,5,10,5
10657,6,6,0
10658,7,8,1
10659,8,11,3
10660,9,16,7
10661,10,14,4
10662,11,12,1
10663,12,7,5
10664,13,15,2
10665,14,13,1
10666,15,3,12
10667,16,5,11
10668,17,4,13
10669,18,1,17
10670,19,10,9
10671,20,2,18
10672,1,9,8
10673,2,6,4
10674,3,8,5
10675,4,11,7
10676,5,16,11
10677,6,14,8
10678,7,12,5
10679,8,7,1
10680,9,15,6
10681,10,13,3
10698,7,3,4
10699,8,5,3
10700,9,4,5
10701,10,1,9
10702,11,10,1
10703,12,2,10
10704,13,9,4
10705,14,6,8
10706,15,8,7
10707,16,11,5
10708,17,16,1
10709,18,14,4
10710,19,12,7
10711,20,7,13
10712,1,15,14
10713,2,13,11
10714,3,3,0
10715,4,5,1
10716,5,4,1
10717,6,1,5
10718,7,10,3
10719,8,2,6
10720,9,9,0
10721,10,7,3
10722,11,8,3
10723,12,11,1
10724,13,16,3
10725,14,14,0
10726,15,12,3
10727,16,6,10
10728,17,15,2
10729,18,13,5
10730,19,1,18
10731,20,2,18
10732,1,3,2
10733,2,4,2
10734,3,5,2
10735,4,6,2
10736,5,7,2
10737,6,8,2
10738,7,9,2
10739,8,10,2
10740,9,11,2
10741,10,12,2
10742,11,13,2
10743,12,14,2
10744,13,15,2
10745,14,16,2
10746,15,17,2
10747,16,1,15
10748,17,3,14
10749,18,2,16
10750,19,5,14
10751,20,4,16
10752,1,6,5
10753,2,11,9
10754,3,8,5
10755,4,12,8
10756,5,13,8
10757,6,7,1
10758,7,15,8
10759,8,16,8
10760,9,14,5
10761,10,9,1
10762,11,10,1
10763,12,17,5
10764,13,1,12
10765,14,3,11
10766,15,2,13
10767,16,5,11
10768,17,4,13
10769,18,7,11
10770,19,12,7
10771,20,9,11
10772,1,13,12
10773,2,14,12
10774,3,8,5
10775,4,15,11
10776,5,17,12
10777,6,6,0
10778,7,10,3
10779,8,11,3
10780,9,16,7
10781,10,1,9
10782,11,4,7
10783,12,2,10
10784,13,5,8
10785,14,6,8
10786,15,8,7
10787,16,12,4
10788,17,10,7
10789,18,13,5
10790,19,14,5
10791,20,3,17
10792,1,16,15
10793,2,15,13
10794,3,7,4
10795,4,9,5
10796,5,11,6
10797,6,17,11
10798,7,2,5
10799,8,3,5
10800,9,1,8
10801,10,5,5
10802,11,6,5
10803,12,9,3
10804,13,14,1
10805,14,13,1
10806,15,15,0
10807,16,11,5
10808,17,4,13
10809,18,8,10
10810,19,16,3
10811,20,7,13
10812,1,10,9
10813,2,12,10
10814,3,17,14
10815,4,2,2
10816,5,4,1
10817,6,1,5
10818,7,7,0
10819,8,6,2
10820,9,10,1
10821,10,9,1
10822,11,14,3
10823,12,15,3
10824,13,12,1
10825,14,3,11
10826,15,8,7
10827,16,16,0
10828,17,5,12
10829,18,11,7
10830,19,13,6
10831,20,17,3
10832,1,4,3
10833,2,3,1
10834,3,1,2
10835,4,8,4
10836,5,6,1
10837,6,10,4
10838,7,9,2
10839,8,13,5
10840,9,15,6
10841,10,12,2
10842,11,2,9
10843,12,7,5
10844,13,16,3
10845,14,5,9
10846,15,11,4
10847,16,14,2
10848,17,17,0
10849,18,5,13
10850,19,4,15
10851,20,1,19
10852,1,8,7
10853,2,6,4
10854,3,10,7
10855,4,9,5
10856,5,14,9
10857,6,15,9
10858,7,13,6
10859,8,3,5
10860,9,7,2
10861,10,16,6
10862,11,2,9
10863,12,11,1
10864,13,12,1
10865,14,17,3
10866,15,5,10
10867,16,4,12
10868,17,1,16
10869,18,8,10
10870,19,6,13
10871,20,10,10
10872,1,9,8
10873,2,14,12
10874,3,15,12
10875,4,13,9
10876,5,3,2
10877,6,7,1
10878,7,16,9
10879,8,2,6
10880,9,11,2
10881,10,12,2
10882,11,17,6
10883,12,5,7
10884,13,4,9
10885,14,1,13
10886,15,8,7
10887,16,6,10
10888,17,10,7
10889,18,9,9
10890,19,14,5
10891,20,15,5
10892,1,13,12
10893,2,2,0
10894,3,7,4
10895,4,16,12
10896,5,3,2
10897,6,11,5
10898,7,12,5
10899,8,17,9
10900,9,3,6
10901,10,5,5
10902,11,1,10
10903,12,8,4
10904,12,6,6
10905,13,10,3
10906,13,9,4
10907,14,14,0
10908,15,15,0
10909,16,13,3
10910,17,2,15
10911,18,7,11
10912,1,16,15
10913,2,4,2
10914,3,11,8
10915,4,12,8
10916,5,17,12
10917,6,3,3
10918,7,4,3
10919,8,2,6
10920,9,7,2
10921,10,6,4
10922,11,10,1
10923,12,9,3
10924,13,14,1
10925,14,17,3
10926,15,13,2
10927,16,1,15
10928,17,8,9
10929,18,16,2
10930,19,5,14
10931,20,12,8
10932,1,11,10
10933,2,15,13
10934,3,4,1
10935,4,3,1
10936,5,2,3
10937,6,8,2
10938,7,6,1
10939,8,11,3
10940,9,9,0
10941,10,14,4
10942,11,17,6
10943,12,13,1
10944,13,1,12
10945,14,7,7
10946,15,16,1
10947,16,5,11
10948,17,12,5
10949,18,10,8
10950,19,15,4
10951,20,4,16
10952,1,3,2
10953,2,2,0
10954,3,8,5
10955,4,6,2
10956,5,11,6
10957,6,9,3
10958,7,14,7
10959,8,17,9
10960,9,13,4
10961,10,1,9
10962,11,7,4
10963,12,16,4
10964,13,5,8
10965,14,12,2
10966,15,10,5
10967,16,15,1
10968,17,3,14
10969,18,4,14
10970,19,2,17
10971,1,8,7
10972,2,6,4
10973,3,11,8
10974,4,9,5
10975,5,14,9
10976,6,17,11
10977,7,13,6
10978,8,1,7
10979,9,7,2
10980,10,16,6
10981,11,5,6
10982,12,12,0
10983,13,10,3
10984,14,15,1
11019,9,3,6
11020,10,4,6
11021,11,2,9
11022,12,7,5
11023,13,6,7
11024,14,11,3
11025,15,9,6
11026,16,14,2
11027,17,17,0
11028,18,13,5
11029,19,1,18
11030,20,8,12
11031,1,16,15
11032,2,5,3
11033,3,12,9
11034,4,10,6
11035,5,15,10
11036,6,1,5
11037,7,2,5
11038,8,3,5
11039,9,4,5
11040,10,5,5
11041,11,6,5
11042,12,7,5
11043,13,8,5
11044,14,9,5
11045,15,10,5
11046,16,11,5
11047,17,12,5
11048,18,13,5
11049,19,14,5
11050,1,15,14
11051,2,16,14
11052,3,1,2
11053,4,2,2
11054,5,5,0
11055,6,7,1
11056,7,9,2
11057,8,10,2
11058,9,11,2
11059,10,4,6
11060,11,13,2
11061,12,8,4
11062,13,14,1
11063,14,3,11
11064,15,15,0
11065,16,6,10
11066,17,12,5
11067,18,16,2
11068,19,1,18
11069,20,2,18
11070,21,5,16
11071,22,8,14
11072,1,10,9
11073,2,11,9
11074,3,3,0
11075,4,6,2
11076,5,14,9
11077,6,9,3
11078,7,13,6
11079,8,4,4
11080,9,15,6
11081,10,7,3
11082,11,12,1
11083,12,16,4
11084,13,1,12
11085,14,2,12
11086,15,5,10
11087,16,9,7
11088,17,12,5
11089,18,13,5
11090,19,4,15
11091,20,6,14
11092,21,8,13
11093,22,10,12
